CLAIM_ID,ERROR_REASON
CLM10001,Invalid Amount
CLM10002,Invalid Amount
CLM10003,Invalid Amount
CLM10003,Invalid Amount
CLM10003,Invalid Amount
CLM10003,Invalid Amount
CLM10004,Invalid Amount
CLM10004,Invalid Amount
CLM10004,Invalid Amount
CLM10004,Invalid Amount
CLM10005,Invalid Amount
CLM10006,Invalid Amount
CLM10006,Invalid Amount
CLM10006,Invalid Amount
CLM10006,Invalid Amount
CLM10006,Invalid Amount
CLM10007,Invalid Amount
CLM10007,Invalid Amount
CLM10007,Invalid Amount
CLM10008,Invalid Amount
CLM10008,Invalid Amount
CLM10008,Invalid Amount
CLM10009,Invalid Amount
CLM10009,Invalid Amount
CLM10009,Invalid Amount
CLM10009,Invalid Amount
CLM10009,Invalid Amount
CLM10009,Invalid Amount
CLM10010,Invalid Amount
CLM10011,Invalid Amount
CLM10012,Invalid Amount
CLM10012,Invalid Amount
CLM10013,Invalid Amount
CLM10013,Invalid Amount
CLM10013,Invalid Amount
CLM10013,Invalid Amount
CLM10013,Invalid Amount
CLM10013,Invalid Amount
CLM10013,Invalid Amount
CLM10013,Invalid Amount
CLM10013,Invalid Amount
CLM10014,Invalid Amount
CLM10014,Invalid Amount
CLM10015,Invalid Amount
CLM10015,Invalid Amount
CLM10015,Invalid Amount
CLM10015,Invalid Amount
CLM10016,Invalid Amount
CLM10016,Invalid Amount
CLM10016,Invalid Amount
CLM10016,Invalid Amount
CLM10017,Invalid Amount
CLM10017,Invalid Amount
CLM10017,Invalid Amount
CLM10017,Invalid Amount
CLM10018,Invalid Amount
CLM10018,Invalid Amount
CLM10018,Invalid Amount
CLM10019,Invalid Amount
CLM10019,Invalid Amount
CLM10020,Invalid Amount
CLM10020,Invalid Amount
CLM10020,Invalid Amount
CLM10020,Invalid Amount
CLM10021,Invalid Amount
CLM10021,Invalid Amount
CLM10021,Invalid Amount
CLM10022,Invalid Amount
CLM10023,Invalid Amount
CLM10023,Invalid Amount
CLM10023,Invalid Amount
CLM10023,Invalid Amount
CLM10023,Invalid Amount
CLM10024,Invalid Amount
CLM10025,Invalid Amount
CLM10025,Invalid Amount
CLM10025,Invalid Amount
CLM10026,Invalid Amount
CLM10026,Invalid Amount
CLM10026,Invalid Amount
CLM10026,Invalid Amount
CLM10026,Invalid Amount
CLM10027,Invalid Amount
CLM10028,Invalid Amount
CLM10028,Invalid Amount
CLM10028,Invalid Amount
CLM10028,Invalid Amount
CLM10028,Invalid Amount
CLM10028,Invalid Amount
CLM10028,Invalid Amount
CLM10028,Invalid Amount
CLM10028,Invalid Amount
CLM10029,Invalid Amount
CLM10029,Invalid Amount
CLM10030,Invalid Amount
CLM10030,Invalid Amount
CLM10030,Invalid Amount
CLM10030,Invalid Amount
CLM10030,Invalid Amount
CLM10030,Invalid Amount
CLM10030,Invalid Amount
CLM10030,Invalid Amount
CLM10030,Invalid Amount
CLM10030,Invalid Amount
CLM10030,Invalid Amount
CLM10030,Invalid Amount
CLM10030,Invalid Amount
CLM10031,Invalid Amount
CLM10031,Invalid Amount
CLM10031,Invalid Amount
CLM10032,Invalid Amount
CLM10032,Invalid Amount
CLM10033,Invalid Amount
CLM10033,Invalid Amount
CLM10034,Invalid Amount
CLM10035,Invalid Amount
CLM10035,Invalid Amount
CLM10035,Invalid Amount
CLM10036,Invalid Amount
CLM10036,Invalid Amount
CLM10037,Invalid Amount
CLM10037,Invalid Amount
CLM10037,Invalid Amount
CLM10038,Invalid Amount
CLM10038,Invalid Amount
CLM10038,Invalid Amount
CLM10038,Invalid Amount
CLM10038,Invalid Amount
CLM10038,Invalid Amount
CLM10038,Invalid Amount
CLM10039,Invalid Amount
CLM10039,Invalid Amount
CLM10039,Invalid Amount
CLM10039,Invalid Amount
CLM10039,Invalid Amount
CLM10040,Invalid Amount
CLM10041,Invalid Amount
CLM10041,Invalid Amount
CLM10042,Invalid Amount
CLM10043,Invalid Amount
CLM10043,Invalid Amount
CLM10044,Invalid Amount
CLM10044,Invalid Amount
CLM10044,Invalid Amount
CLM10044,Invalid Amount
CLM10044,Invalid Amount
CLM10045,Invalid Amount
CLM10045,Invalid Amount
CLM10045,Invalid Amount
CLM10046,Invalid Amount
CLM10046,Invalid Amount
CLM10047,Invalid Amount
CLM10047,Invalid Amount
CLM10047,Invalid Amount
CLM10047,Invalid Amount
CLM10048,Invalid Amount
CLM10048,Invalid Amount
CLM10049,Invalid Amount
CLM10049,Invalid Amount
CLM10050,Invalid Amount
CLM10050,Invalid Amount
CLM10051,Invalid Amount
CLM10051,Invalid Amount
CLM10051,Invalid Amount
CLM10051,Invalid Amount
CLM10051,Invalid Amount
CLM10052,Invalid Amount
CLM10052,Invalid Amount
CLM10052,Invalid Amount
CLM10052,Invalid Amount
CLM10052,Invalid Amount
CLM10053,Invalid Amount
CLM10054,Invalid Amount
CLM10055,Invalid Amount
CLM10055,Invalid Amount
CLM10056,Invalid Amount
CLM10056,Invalid Amount
CLM10056,Invalid Amount
CLM10056,Invalid Amount
CLM10056,Invalid Amount
CLM10056,Invalid Amount
CLM10056,Invalid Amount
CLM10057,Invalid Amount
CLM10058,Invalid Amount
CLM10058,Invalid Amount
CLM10059,Invalid Amount
CLM10059,Invalid Amount
CLM10059,Invalid Amount
CLM10059,Invalid Amount
CLM10060,Invalid Amount
CLM10060,Invalid Amount
CLM10060,Invalid Amount
CLM10060,Invalid Amount
CLM10060,Invalid Amount
CLM10060,Invalid Amount
CLM10060,Invalid Amount
CLM10060,Invalid Amount
CLM10061,Invalid Amount
CLM10061,Invalid Amount
CLM10061,Invalid Amount
CLM10061,Invalid Amount
CLM10062,Invalid Amount
CLM10062,Invalid Amount
CLM10062,Invalid Amount
CLM10062,Invalid Amount
CLM10063,Invalid Amount
CLM10063,Invalid Amount
CLM10064,Invalid Amount
CLM10064,Invalid Amount
CLM10065,Invalid Amount
CLM10066,Invalid Amount
CLM10067,Invalid Amount
CLM10067,Invalid Amount
CLM10067,Invalid Amount
CLM10067,Invalid Amount
CLM10068,Invalid Amount
CLM10069,Invalid Amount
CLM10069,Invalid Amount
CLM10070,Invalid Amount
CLM10070,Invalid Amount
CLM10071,Invalid Amount
CLM10071,Invalid Amount
CLM10071,Invalid Amount
CLM10072,Invalid Amount
CLM10072,Invalid Amount
CLM10072,Invalid Amount
CLM10072,Invalid Amount
CLM10072,Invalid Amount
CLM10072,Invalid Amount
CLM10073,Invalid Amount
CLM10073,Invalid Amount
CLM10074,Invalid Amount
CLM10074,Invalid Amount
CLM10074,Invalid Amount
CLM10075,Invalid Amount
CLM10075,Invalid Amount
CLM10075,Invalid Amount
CLM10075,Invalid Amount
CLM10076,Invalid Amount
CLM10077,Invalid Amount
CLM10077,Invalid Amount
CLM10077,Invalid Amount
CLM10078,Invalid Amount
CLM10078,Invalid Amount
CLM10078,Invalid Amount
CLM10079,Invalid Amount
CLM10079,Invalid Amount
CLM10079,Invalid Amount
CLM10079,Invalid Amount
CLM10079,Invalid Amount
CLM10079,Invalid Amount
CLM10080,Invalid Amount
CLM10081,Invalid Amount
CLM10081,Invalid Amount
CLM10081,Invalid Amount
CLM10081,Invalid Amount
CLM10081,Invalid Amount
CLM10081,Invalid Amount
CLM10081,Invalid Amount
CLM10081,Invalid Amount
CLM10082,Invalid Amount
CLM10082,Invalid Amount
CLM10082,Invalid Amount
CLM10083,Invalid Amount
CLM10083,Invalid Amount
CLM10084,Invalid Amount
CLM10085,Invalid Amount
CLM10085,Invalid Amount
CLM10085,Invalid Amount
CLM10086,Invalid Amount
CLM10086,Invalid Amount
CLM10086,Invalid Amount
CLM10086,Invalid Amount
CLM10087,Invalid Amount
CLM10088,Invalid Amount
CLM10089,Invalid Amount
CLM10089,Invalid Amount
CLM10089,Invalid Amount
CLM10090,Invalid Amount
CLM10090,Invalid Amount
CLM10091,Invalid Amount
CLM10092,Invalid Amount
CLM10092,Invalid Amount
CLM10092,Invalid Amount
CLM10092,Invalid Amount
CLM10092,Invalid Amount
CLM10092,Invalid Amount
CLM10093,Invalid Amount
CLM10093,Invalid Amount
CLM10094,Invalid Amount
CLM10094,Invalid Amount
CLM10094,Invalid Amount
CLM10095,Invalid Amount
CLM10095,Invalid Amount
CLM10095,Invalid Amount
CLM10096,Invalid Amount
CLM10096,Invalid Amount
CLM10096,Invalid Amount
CLM10096,Invalid Amount
CLM10097,Invalid Amount
CLM10097,Invalid Amount
CLM10097,Invalid Amount
CLM10098,Invalid Amount
CLM10098,Invalid Amount
CLM10098,Invalid Amount
CLM10099,Invalid Amount
CLM10099,Invalid Amount
CLM10099,Invalid Amount
CLM10099,Invalid Amount
CLM10100,Invalid Amount
CLM10100,Invalid Amount
CLM10100,Invalid Amount
CLM10101,Invalid Amount
CLM10102,Invalid Amount
CLM10103,Invalid Amount
CLM10103,Invalid Amount
CLM10103,Invalid Amount
CLM10103,Invalid Amount
CLM10104,Invalid Amount
CLM10104,Invalid Amount
CLM10104,Invalid Amount
CLM10105,Invalid Amount
CLM10105,Invalid Amount
CLM10105,Invalid Amount
CLM10105,Invalid Amount
CLM10105,Invalid Amount
CLM10106,Invalid Amount
CLM10107,Invalid Amount
CLM10107,Invalid Amount
CLM10107,Invalid Amount
CLM10107,Invalid Amount
CLM10108,Invalid Amount
CLM10109,Invalid Amount
CLM10109,Invalid Amount
CLM10109,Invalid Amount
CLM10109,Invalid Amount
CLM10110,Invalid Amount
CLM10110,Invalid Amount
CLM10110,Invalid Amount
CLM10111,Invalid Amount
CLM10111,Invalid Amount
CLM10112,Invalid Amount
CLM10112,Invalid Amount
CLM10112,Invalid Amount
CLM10113,Invalid Amount
CLM10114,Invalid Amount
CLM10114,Invalid Amount
CLM10115,Invalid Amount
CLM10116,Invalid Amount
CLM10116,Invalid Amount
CLM10116,Invalid Amount
CLM10116,Invalid Amount
CLM10116,Invalid Amount
CLM10117,Invalid Amount
CLM10117,Invalid Amount
CLM10118,Invalid Amount
CLM10119,Invalid Amount
CLM10119,Invalid Amount
CLM10119,Invalid Amount
CLM10119,Invalid Amount
CLM10119,Invalid Amount
CLM10120,Invalid Amount
CLM10121,Invalid Amount
CLM10121,Invalid Amount
CLM10121,Invalid Amount
CLM10121,Invalid Amount
CLM10121,Invalid Amount
CLM10122,Invalid Amount
CLM10122,Invalid Amount
CLM10123,Invalid Amount
CLM10123,Invalid Amount
CLM10124,Invalid Amount
CLM10124,Invalid Amount
CLM10125,Invalid Amount
CLM10125,Invalid Amount
CLM10125,Invalid Amount
CLM10125,Invalid Amount
CLM10125,Invalid Amount
CLM10126,Invalid Amount
CLM10126,Invalid Amount
CLM10127,Invalid Amount
CLM10128,Invalid Amount
CLM10128,Invalid Amount
CLM10129,Invalid Amount
CLM10130,Invalid Amount
CLM10130,Invalid Amount
CLM10130,Invalid Amount
CLM10131,Invalid Amount
CLM10131,Invalid Amount
CLM10132,Invalid Amount
CLM10132,Invalid Amount
CLM10133,Invalid Amount
CLM10133,Invalid Amount
CLM10133,Invalid Amount
CLM10134,Invalid Amount
CLM10135,Invalid Amount
CLM10135,Invalid Amount
CLM10136,Invalid Amount
CLM10137,Invalid Amount
CLM10137,Invalid Amount
CLM10137,Invalid Amount
CLM10137,Invalid Amount
CLM10138,Invalid Amount
CLM10138,Invalid Amount
CLM10139,Invalid Amount
CLM10139,Invalid Amount
CLM10139,Invalid Amount
CLM10139,Invalid Amount
CLM10139,Invalid Amount
CLM10140,Invalid Amount
CLM10141,Invalid Amount
CLM10141,Invalid Amount
CLM10143,Invalid Amount
CLM10143,Invalid Amount
CLM10143,Invalid Amount
CLM10143,Invalid Amount
CLM10144,Invalid Amount
CLM10144,Invalid Amount
CLM10144,Invalid Amount
CLM10144,Invalid Amount
CLM10145,Invalid Amount
CLM10146,Invalid Amount
CLM10147,Invalid Amount
CLM10149,Invalid Amount
CLM10150,Invalid Amount
CLM10150,Invalid Amount
CLM10150,Invalid Amount
CLM10150,Invalid Amount
CLM10151,Invalid Amount
CLM10151,Invalid Amount
CLM10151,Invalid Amount
CLM10151,Invalid Amount
CLM10152,Invalid Amount
CLM10152,Invalid Amount
CLM10153,Invalid Amount
CLM10154,Invalid Amount
CLM10155,Invalid Amount
CLM10155,Invalid Amount
CLM10156,Invalid Amount
CLM10157,Invalid Amount
CLM10157,Invalid Amount
CLM10158,Invalid Amount
CLM10159,Invalid Amount
CLM10159,Invalid Amount
CLM10160,Invalid Amount
CLM10161,Invalid Amount
CLM10161,Invalid Amount
CLM10161,Invalid Amount
CLM10162,Invalid Amount
CLM10162,Invalid Amount
CLM10163,Invalid Amount
CLM10163,Invalid Amount
CLM10164,Invalid Amount
CLM10165,Invalid Amount
CLM10165,Invalid Amount
CLM10166,Invalid Amount
CLM10167,Invalid Amount
CLM10168,Invalid Amount
CLM10169,Invalid Amount
CLM10170,Invalid Amount
CLM10170,Invalid Amount
CLM10171,Invalid Amount
CLM10171,Invalid Amount
CLM10171,Invalid Amount
CLM10172,Invalid Amount
CLM10173,Invalid Amount
CLM10174,Invalid Amount
CLM10175,Invalid Amount
CLM10175,Invalid Amount
CLM10176,Invalid Amount
CLM10177,Invalid Amount
CLM10177,Invalid Amount
CLM10177,Invalid Amount
CLM10177,Invalid Amount
CLM10178,Invalid Amount
CLM10178,Invalid Amount
CLM10179,Invalid Amount
CLM10180,Invalid Amount
CLM10181,Invalid Amount
CLM10182,Invalid Amount
CLM10183,Invalid Amount
CLM10184,Invalid Amount
CLM10185,Invalid Amount
CLM10185,Invalid Amount
CLM10185,Invalid Amount
CLM10186,Invalid Amount
CLM10186,Invalid Amount
CLM10186,Invalid Amount
CLM10186,Invalid Amount
CLM10186,Invalid Amount
CLM10186,Invalid Amount
CLM10187,Invalid Amount
CLM10188,Invalid Amount
CLM10189,Invalid Amount
CLM10190,Invalid Amount
CLM10190,Invalid Amount
CLM10190,Invalid Amount
CLM10190,Invalid Amount
CLM10191,Invalid Amount
CLM10191,Invalid Amount
CLM10192,Invalid Amount
CLM10192,Invalid Amount
CLM10193,Invalid Amount
CLM10193,Invalid Amount
CLM10193,Invalid Amount
CLM10193,Invalid Amount
CLM10193,Invalid Amount
CLM10193,Invalid Amount
CLM10193,Invalid Amount
CLM10194,Invalid Amount
CLM10194,Invalid Amount
CLM10194,Invalid Amount
CLM20001,Invalid Amount
CLM20001,Invalid Amount
CLM20001,Invalid Amount
CLM20001,Invalid Amount
CLM20002,Invalid Amount
CLM20002,Invalid Amount
CLM20002,Invalid Amount
CLM20002,Invalid Amount
CLM20003,Invalid Amount
CLM20004,Invalid Amount
CLM20005,Invalid Amount
CLM20005,Invalid Amount
CLM20005,Invalid Amount
CLM20006,Invalid Amount
CLM20006,Invalid Amount
CLM20007,Invalid Amount
CLM20007,Invalid Amount
CLM20008,Invalid Amount
CLM20008,Invalid Amount
CLM20008,Invalid Amount
CLM20008,Invalid Amount
CLM20008,Invalid Amount
CLM20008,Invalid Amount
CLM20008,Invalid Amount
CLM20009,Invalid Amount
CLM20010,Invalid Amount
CLM20010,Invalid Amount
CLM20010,Invalid Amount
CLM20010,Invalid Amount
CLM20010,Invalid Amount
CLM20011,Invalid Amount
CLM20011,Invalid Amount
CLM20011,Invalid Amount
CLM20011,Invalid Amount
CLM20012,Invalid Amount
CLM20013,Invalid Amount
CLM20013,Invalid Amount
CLM20013,Invalid Amount
CLM20013,Invalid Amount
CLM20014,Invalid Amount
CLM20014,Invalid Amount
CLM20015,Invalid Amount
CLM20016,Invalid Amount
CLM20016,Invalid Amount
CLM20016,Invalid Amount
CLM20016,Invalid Amount
CLM20017,Invalid Amount
CLM20018,Invalid Amount
CLM20019,Invalid Amount
CLM20019,Invalid Amount
CLM20020,Invalid Amount
CLM20020,Invalid Amount
CLM20020,Invalid Amount
CLM20020,Invalid Amount
CLM20020,Invalid Amount
CLM20021,Invalid Amount
CLM20021,Invalid Amount
CLM20021,Invalid Amount
CLM20021,Invalid Amount
CLM20021,Invalid Amount
CLM20022,Invalid Amount
CLM20022,Invalid Amount
CLM20023,Invalid Amount
CLM20023,Invalid Amount
CLM20023,Invalid Amount
CLM20024,Invalid Amount
CLM20024,Invalid Amount
CLM20024,Invalid Amount
CLM20024,Invalid Amount
CLM20025,Invalid Amount
CLM20025,Invalid Amount
CLM20025,Invalid Amount
CLM20026,Invalid Amount
CLM20027,Invalid Amount
CLM20028,Invalid Amount
CLM20028,Invalid Amount
CLM20029,Invalid Amount
CLM20030,Invalid Amount
CLM20031,Invalid Amount
CLM20032,Invalid Amount
CLM20032,Invalid Amount
CLM20033,Invalid Amount
CLM20034,Invalid Amount
CLM20034,Invalid Amount
CLM20034,Invalid Amount
CLM20034,Invalid Amount
CLM20034,Invalid Amount
CLM20035,Invalid Amount
CLM20035,Invalid Amount
CLM20035,Invalid Amount
CLM20036,Invalid Amount
CLM20036,Invalid Amount
CLM20036,Invalid Amount
CLM20037,Invalid Amount
CLM20037,Invalid Amount
CLM20038,Invalid Amount
CLM20038,Invalid Amount
CLM20038,Invalid Amount
CLM20038,Invalid Amount
CLM20039,Invalid Amount
CLM20039,Invalid Amount
CLM20039,Invalid Amount
CLM20039,Invalid Amount
CLM20039,Invalid Amount
CLM20039,Invalid Amount
CLM20040,Invalid Amount
CLM20040,Invalid Amount
CLM20040,Invalid Amount
CLM20040,Invalid Amount
CLM20040,Invalid Amount
CLM20040,Invalid Amount
CLM20041,Invalid Amount
CLM20041,Invalid Amount
CLM20041,Invalid Amount
CLM20041,Invalid Amount
CLM20041,Invalid Amount
CLM20041,Invalid Amount
CLM20041,Invalid Amount
CLM20041,Invalid Amount
CLM20042,Invalid Amount
CLM20043,Invalid Amount
CLM20044,Invalid Amount
CLM20045,Invalid Amount
CLM20045,Invalid Amount
CLM20046,Invalid Amount
CLM20046,Invalid Amount
CLM20047,Invalid Amount
CLM20047,Invalid Amount
CLM20048,Invalid Amount
CLM20048,Invalid Amount
CLM20049,Invalid Amount
CLM20049,Invalid Amount
CLM20049,Invalid Amount
CLM20049,Invalid Amount
CLM20050,Invalid Amount
CLM20050,Invalid Amount
CLM20050,Invalid Amount
CLM20050,Invalid Amount
CLM20051,Invalid Amount
CLM20051,Invalid Amount
CLM20051,Invalid Amount
CLM20051,Invalid Amount
CLM20051,Invalid Amount
CLM20051,Invalid Amount
CLM20052,Invalid Amount
CLM20052,Invalid Amount
CLM20053,Invalid Amount
CLM20053,Invalid Amount
CLM20053,Invalid Amount
CLM20054,Invalid Amount
CLM20054,Invalid Amount
CLM20055,Invalid Amount
CLM20055,Invalid Amount
CLM20056,Invalid Amount
CLM20056,Invalid Amount
CLM20056,Invalid Amount
CLM20057,Invalid Amount
CLM20057,Invalid Amount
CLM20058,Invalid Amount
CLM20058,Invalid Amount
CLM20059,Invalid Amount
CLM20059,Invalid Amount
CLM20059,Invalid Amount
CLM20059,Invalid Amount
CLM20059,Invalid Amount
CLM20060,Invalid Amount
CLM20060,Invalid Amount
CLM20060,Invalid Amount
CLM20060,Invalid Amount
CLM20061,Invalid Amount
CLM20061,Invalid Amount
CLM20062,Invalid Amount
CLM20063,Invalid Amount
CLM20063,Invalid Amount
CLM20063,Invalid Amount
CLM20063,Invalid Amount
CLM20063,Invalid Amount
CLM20064,Invalid Amount
CLM20064,Invalid Amount
CLM20065,Invalid Amount
CLM20066,Invalid Amount
CLM20066,Invalid Amount
CLM20066,Invalid Amount
CLM20067,Invalid Amount
CLM20067,Invalid Amount
CLM20067,Invalid Amount
CLM20068,Invalid Amount
CLM20069,Invalid Amount
CLM20069,Invalid Amount
CLM20069,Invalid Amount
CLM20069,Invalid Amount
CLM20069,Invalid Amount
CLM20070,Invalid Amount
CLM20071,Invalid Amount
CLM20072,Invalid Amount
CLM20072,Invalid Amount
CLM20072,Invalid Amount
CLM20074,Invalid Amount
CLM20075,Invalid Amount
CLM20075,Invalid Amount
CLM20075,Invalid Amount
CLM20076,Invalid Amount
CLM20077,Invalid Amount
CLM20077,Invalid Amount
CLM20078,Invalid Amount
CLM20079,Invalid Amount
CLM20080,Invalid Amount
CLM20081,Invalid Amount
CLM20081,Invalid Amount
CLM20082,Invalid Amount
CLM20083,Invalid Amount
CLM20084,Invalid Amount
CLM20085,Invalid Amount
CLM20086,Invalid Amount
CLM20086,Invalid Amount
CLM20087,Invalid Amount
CLM20087,Invalid Amount
CLM20087,Invalid Amount
CLM20088,Invalid Amount
CLM20089,Invalid Amount
CLM20090,Invalid Amount
CLM20091,Invalid Amount
CLM20091,Invalid Amount
CLM20091,Invalid Amount
CLM20091,Invalid Amount
CLM20092,Invalid Amount
CLM20092,Invalid Amount
CLM20092,Invalid Amount
CLM20093,Invalid Amount
CLM20094,Invalid Amount
CLM20095,Invalid Amount
CLM20095,Invalid Amount
CLM20095,Invalid Amount
CLM20096,Invalid Amount
CLM20096,Invalid Amount
CLM20096,Invalid Amount
CLM20096,Invalid Amount
CLM20097,Invalid Amount
CLM20097,Invalid Amount
CLM20097,Invalid Amount
CLM20098,Invalid Amount
CLM20098,Invalid Amount
CLM20099,Invalid Amount
CLM20099,Invalid Amount
CLM20099,Invalid Amount
CLM20099,Invalid Amount
CLM20100,Invalid Amount
CLM20101,Invalid Amount
CLM20101,Invalid Amount
CLM20101,Invalid Amount
CLM20102,Invalid Amount
CLM20102,Invalid Amount
CLM20103,Invalid Amount
CLM20103,Invalid Amount
CLM20104,Invalid Amount
CLM20104,Invalid Amount
CLM20104,Invalid Amount
CLM20104,Invalid Amount
CLM20105,Invalid Amount
CLM20105,Invalid Amount
CLM20105,Invalid Amount
CLM20106,Invalid Amount
CLM20106,Invalid Amount
CLM20106,Invalid Amount
CLM20107,Invalid Amount
CLM20108,Invalid Amount
CLM20109,Invalid Amount
CLM20109,Invalid Amount
CLM20109,Invalid Amount
CLM20109,Invalid Amount
CLM20109,Invalid Amount
CLM20110,Invalid Amount
CLM20111,Invalid Amount
CLM20112,Invalid Amount
CLM20113,Invalid Amount
CLM20113,Invalid Amount
CLM20113,Invalid Amount
CLM20113,Invalid Amount
CLM20113,Invalid Amount
CLM20113,Invalid Amount
CLM20113,Invalid Amount
CLM20113,Invalid Amount
CLM20113,Invalid Amount
CLM20113,Invalid Amount
CLM20113,Invalid Amount
CLM20114,Invalid Amount
CLM20115,Invalid Amount
CLM20115,Invalid Amount
CLM20116,Invalid Amount
CLM20116,Invalid Amount
CLM20116,Invalid Amount
CLM20116,Invalid Amount
CLM20117,Invalid Amount
CLM20117,Invalid Amount
CLM20118,Invalid Amount
CLM20118,Invalid Amount
CLM20118,Invalid Amount
CLM20118,Invalid Amount
CLM20119,Invalid Amount
CLM20119,Invalid Amount
CLM20120,Invalid Amount
CLM20120,Invalid Amount
CLM20121,Invalid Amount
CLM20121,Invalid Amount
CLM20122,Invalid Amount
CLM20123,Invalid Amount
CLM20123,Invalid Amount
CLM20123,Invalid Amount
CLM20124,Invalid Amount
CLM20124,Invalid Amount
CLM20124,Invalid Amount
CLM20125,Invalid Amount
CLM20126,Invalid Amount
CLM20126,Invalid Amount
CLM20126,Invalid Amount
CLM20126,Invalid Amount
CLM20127,Invalid Amount
CLM20128,Invalid Amount
CLM20129,Invalid Amount
CLM20129,Invalid Amount
CLM20130,Invalid Amount
CLM20131,Invalid Amount
CLM20131,Invalid Amount
CLM20131,Invalid Amount
CLM20132,Invalid Amount
CLM20133,Invalid Amount
CLM20134,Invalid Amount
CLM20135,Invalid Amount
CLM20135,Invalid Amount
CLM20135,Invalid Amount
CLM20135,Invalid Amount
CLM20136,Invalid Amount
CLM20136,Invalid Amount
CLM20137,Invalid Amount
CLM20138,Invalid Amount
CLM20139,Invalid Amount
CLM20140,Invalid Amount
CLM20140,Invalid Amount
CLM20140,Invalid Amount
CLM20141,Invalid Amount
CLM20142,Invalid Amount
CLM20143,Invalid Amount
CLM20143,Invalid Amount
CLM20144,Invalid Amount
CLM20144,Invalid Amount
CLM20144,Invalid Amount
CLM20144,Invalid Amount
CLM20144,Invalid Amount
CLM20145,Invalid Amount
CLM20145,Invalid Amount
CLM20145,Invalid Amount
CLM20146,Invalid Amount
CLM20146,Invalid Amount
CLM20146,Invalid Amount
CLM20146,Invalid Amount
CLM20146,Invalid Amount
CLM20146,Invalid Amount
CLM20146,Invalid Amount
CLM20146,Invalid Amount
CLM20147,Invalid Amount
CLM20149,Invalid Amount
CLM20149,Invalid Amount
CLM20150,Invalid Amount
CLM20150,Invalid Amount
CLM20151,Invalid Amount
CLM20152,Invalid Amount
CLM20152,Invalid Amount
CLM20152,Invalid Amount
CLM20152,Invalid Amount
CLM20152,Invalid Amount
CLM20153,Invalid Amount
CLM20153,Invalid Amount
CLM20154,Invalid Amount
CLM20155,Invalid Amount
CLM20155,Invalid Amount
CLM20155,Invalid Amount
CLM20155,Invalid Amount
CLM20156,Invalid Amount
CLM20157,Invalid Amount
CLM20158,Invalid Amount
CLM20159,Invalid Amount
CLM20160,Invalid Amount
CLM20161,Invalid Amount
CLM20161,Invalid Amount
CLM20162,Invalid Amount
CLM20163,Invalid Amount
CLM20163,Invalid Amount
CLM20164,Invalid Amount
CLM20165,Invalid Amount
CLM20165,Invalid Amount
CLM20166,Invalid Amount
CLM20167,Invalid Amount
CLM20167,Invalid Amount
CLM20168,Invalid Amount
CLM20169,Invalid Amount
CLM20170,Invalid Amount
CLM20170,Invalid Amount
CLM20170,Invalid Amount
CLM20170,Invalid Amount
CLM20171,Invalid Amount
CLM20173,Invalid Amount
CLM20174,Invalid Amount
CLM20174,Invalid Amount
CLM20174,Invalid Amount
CLM20175,Invalid Amount
CLM20176,Invalid Amount
CLM20176,Invalid Amount
CLM20177,Invalid Amount
CLM20178,Invalid Amount
CLM20179,Invalid Amount
CLM20180,Invalid Amount
CLM20180,Invalid Amount
CLM20180,Invalid Amount
CLM20180,Invalid Amount
CLM20181,Invalid Amount
CLM20182,Invalid Amount
CLM20183,Invalid Amount
CLM20184,Invalid Amount
CLM20185,Invalid Amount
CLM20186,Invalid Amount
CLM20187,Invalid Amount
CLM20187,Invalid Amount
CLM20188,Invalid Amount
CLM20189,Invalid Amount
CLM20190,Invalid Amount
CLM20191,Invalid Amount
CLM20191,Invalid Amount
CLM20191,Invalid Amount
CLM20192,Invalid Amount
CLM20193,Invalid Amount
CLM20194,Invalid Amount
CLM20195,Invalid Amount
CLM20195,Invalid Amount
CLM20195,Invalid Amount
CLM20196,Invalid Amount
CLM20197,Invalid Amount
CLM20198,Invalid Amount
CLM20198,Invalid Amount
CLM20199,Invalid Amount
CLM20199,Invalid Amount
CLM20200,Invalid Amount
CLM20201,Invalid Amount
CLM20201,Invalid Amount
CLM20201,Invalid Amount
CLM20201,Invalid Amount
CLM20202,Invalid Amount
CLM20202,Invalid Amount
CLM20202,Invalid Amount
CLM20202,Invalid Amount
CLM20203,Invalid Amount
CLM20204,Invalid Amount
CLM20204,Invalid Amount
CLM20205,Invalid Amount
CLM20206,Invalid Amount
CLM20207,Invalid Amount
CLM20207,Invalid Amount
CLM20207,Invalid Amount
CLM20207,Invalid Amount
CLM20208,Invalid Amount
CLM20208,Invalid Amount
CLM20209,Invalid Amount
CLM20210,Invalid Amount
CLM20210,Invalid Amount
CLM20210,Invalid Amount
CLM20210,Invalid Amount
CLM20210,Invalid Amount
CLM20211,Invalid Amount
CLM20212,Invalid Amount
CLM20213,Invalid Amount
CLM20214,Invalid Amount
CLM20215,Invalid Amount
CLM20216,Invalid Amount
CLM20217,Invalid Amount
CLM20217,Invalid Amount
CLM20217,Invalid Amount
CLM20218,Invalid Amount
CLM20219,Invalid Amount
CLM20220,Invalid Amount
CLM20220,Invalid Amount
CLM20220,Invalid Amount
CLM20220,Invalid Amount
CLM20221,Invalid Amount
CLM20221,Invalid Amount
CLM20221,Invalid Amount
CLM20222,Invalid Amount
CLM20223,Invalid Amount
CLM20223,Invalid Amount
CLM20224,Invalid Amount
CLM20225,Invalid Amount
CLM20226,Invalid Amount
CLM20227,Invalid Amount
CLM20228,Invalid Amount
CLM20228,Invalid Amount
CLM20228,Invalid Amount
CLM20229,Invalid Amount
CLM20230,Invalid Amount
CLM20231,Invalid Amount
CLM20232,Invalid Amount
CLM20233,Invalid Amount
CLM20233,Invalid Amount
CLM20234,Invalid Amount
CLM20235,Invalid Amount
CLM20235,Invalid Amount
CLM20236,Invalid Amount
CLM20237,Invalid Amount
CLM20238,Invalid Amount
CLM20239,Invalid Amount
CLM20240,Invalid Amount
CLM20241,Invalid Amount
CLM20242,Invalid Amount
CLM20242,Invalid Amount
CLM20242,Invalid Amount
CLM20243,Invalid Amount
CLM20243,Invalid Amount
CLM20243,Invalid Amount
CLM20243,Invalid Amount
CLM20243,Invalid Amount
CLM20244,Invalid Amount
CLM20245,Invalid Amount
CLM20246,Invalid Amount
CLM20246,Invalid Amount
CLM20246,Invalid Amount
CLM20247,Invalid Amount
CLM20248,Invalid Amount
CLM20249,Invalid Amount
CLM20250,Invalid Amount
CLM20251,Invalid Amount
CLM20251,Invalid Amount
CLM20251,Invalid Amount
CLM20251,Invalid Amount
CLM20252,Invalid Amount
CLM20253,Invalid Amount
CLM20253,Invalid Amount
CLM20253,Invalid Amount
CLM20254,Invalid Amount
CLM20254,Invalid Amount
CLM20254,Invalid Amount
CLM20254,Invalid Amount
CLM20255,Invalid Amount
CLM20256,Invalid Amount
CLM20257,Invalid Amount
CLM20258,Invalid Amount
CLM20258,Invalid Amount
CLM20258,Invalid Amount
CLM20259,Invalid Amount
CLM20260,Invalid Amount
CLM20260,Invalid Amount
CLM20260,Invalid Amount
CLM20260,Invalid Amount
CLM20261,Invalid Amount
CLM20262,Invalid Amount
CLM20263,Invalid Amount
CLM20264,Invalid Amount
CLM20265,Invalid Amount
CLM20265,Invalid Amount
CLM20266,Invalid Amount
CLM20266,Invalid Amount
CLM20267,Invalid Amount
CLM20267,Invalid Amount
CLM20268,Invalid Amount
CLM20268,Invalid Amount
CLM20269,Invalid Amount
CLM20270,Invalid Amount
CLM20271,Invalid Amount
CLM20272,Invalid Amount
CLM20273,Invalid Amount
CLM20274,Invalid Amount
CLM20274,Invalid Amount
CLM20274,Invalid Amount
CLM20274,Invalid Amount
CLM20275,Invalid Amount
CLM20276,Invalid Amount
CLM20276,Invalid Amount
CLM20276,Invalid Amount
CLM20277,Invalid Amount
CLM20278,Invalid Amount
CLM20279,Invalid Amount
CLM20280,Invalid Amount
CLM20281,Invalid Amount
CLM20282,Invalid Amount
CLM20283,Invalid Amount
CLM20284,Invalid Amount
CLM20285,Invalid Amount
CLM20285,Invalid Amount
CLM20285,Invalid Amount
CLM20286,Invalid Amount
CLM20287,Invalid Amount
CLM20288,Invalid Amount
CLM20289,Invalid Amount
CLM20289,Invalid Amount
CLM20290,Invalid Amount
CLM20291,Invalid Amount
CLM20292,Invalid Amount
CLM20293,Invalid Amount
CLM20294,Invalid Amount
CLM20294,Invalid Amount
CLM20294,Invalid Amount
CLM20294,Invalid Amount
CLM20294,Invalid Amount
CLM20294,Invalid Amount
CLM20294,Invalid Amount
CLM20294,Invalid Amount
CLM20295,Invalid Amount
CLM20296,Invalid Amount
CLM20296,Invalid Amount
CLM20297,Invalid Amount
CLM20297,Invalid Amount
CLM20298,Invalid Amount
CLM20299,Invalid Amount
CLM20299,Invalid Amount
CLM20299,Invalid Amount
CLM20299,Invalid Amount
CLM20300,Invalid Amount
CLM20300,Invalid Amount
CLM20301,Invalid Amount
CLM20302,Invalid Amount
CLM20303,Invalid Amount
CLM20304,Invalid Amount
CLM20305,Invalid Amount
CLM20306,Invalid Amount
CLM20307,Invalid Amount
CLM20308,Invalid Amount
CLM20309,Invalid Amount
CLM20310,Invalid Amount
CLM20310,Invalid Amount
CLM20310,Invalid Amount
CLM20311,Invalid Amount
CLM20311,Invalid Amount
CLM20311,Invalid Amount
CLM20311,Invalid Amount
CLM20311,Invalid Amount
CLM20312,Invalid Amount
CLM20312,Invalid Amount
CLM20313,Invalid Amount
CLM20314,Invalid Amount
CLM20314,Invalid Amount
CLM20315,Invalid Amount
CLM20315,Invalid Amount
CLM20316,Invalid Amount
CLM20317,Invalid Amount
CLM20318,Invalid Amount
CLM20318,Invalid Amount
CLM20318,Invalid Amount
CLM20319,Invalid Amount
CLM20320,Invalid Amount
CLM20321,Invalid Amount
CLM20321,Invalid Amount
CLM20321,Invalid Amount
CLM20321,Invalid Amount
CLM20322,Invalid Amount
CLM20323,Invalid Amount
CLM20324,Invalid Amount
CLM20324,Invalid Amount
CLM20325,Invalid Amount
CLM20326,Invalid Amount
CLM20326,Invalid Amount
CLM20327,Invalid Amount
CLM20328,Invalid Amount
CLM20328,Invalid Amount
CLM20328,Invalid Amount
CLM20329,Invalid Amount
CLM20331,Invalid Amount
CLM20332,Invalid Amount
CLM20333,Invalid Amount
CLM20334,Invalid Amount
CLM20335,Invalid Amount
CLM20335,Invalid Amount
CLM20336,Invalid Amount
CLM20337,Invalid Amount
CLM20338,Invalid Amount
CLM20338,Invalid Amount
CLM20339,Invalid Amount
CLM20339,Invalid Amount
CLM20340,Invalid Amount
CLM20340,Invalid Amount
CLM20341,Invalid Amount
CLM20341,Invalid Amount
CLM20341,Invalid Amount
CLM20342,Invalid Amount
CLM20342,Invalid Amount
CLM20343,Invalid Amount
CLM20343,Invalid Amount
CLM20344,Invalid Amount
CLM20344,Invalid Amount
CLM20345,Invalid Amount
CLM20345,Invalid Amount
CLM20345,Invalid Amount
CLM20345,Invalid Amount
CLM20345,Invalid Amount
CLM20346,Invalid Amount
CLM20346,Invalid Amount
CLM20347,Invalid Amount
CLM20347,Invalid Amount
CLM20348,Invalid Amount
CLM20348,Invalid Amount
CLM20348,Invalid Amount
CLM20349,Invalid Amount
CLM20349,Invalid Amount
CLM20350,Invalid Amount
CLM20350,Invalid Amount
CLM20350,Invalid Amount
CLM20351,Invalid Amount
CLM20351,Invalid Amount
CLM20352,Invalid Amount
CLM20352,Invalid Amount
CLM20353,Invalid Amount
CLM20353,Invalid Amount
CLM20353,Invalid Amount
CLM20353,Invalid Amount
CLM20353,Invalid Amount
CLM20353,Invalid Amount
CLM20354,Invalid Amount
CLM20354,Invalid Amount
CLM20355,Invalid Amount
CLM20355,Invalid Amount
CLM20356,Invalid Amount
CLM20356,Invalid Amount
CLM20357,Invalid Amount
CLM20357,Invalid Amount
CLM20357,Invalid Amount
CLM20357,Invalid Amount
CLM20358,Invalid Amount
CLM20358,Invalid Amount
CLM20359,Invalid Amount
CLM20359,Invalid Amount
CLM20360,Invalid Amount
CLM20360,Invalid Amount
CLM20361,Invalid Amount
CLM20361,Invalid Amount
CLM20361,Invalid Amount
CLM20362,Invalid Amount
CLM20362,Invalid Amount
CLM20362,Invalid Amount
CLM20362,Invalid Amount
CLM20363,Invalid Amount
CLM20363,Invalid Amount
CLM20364,Invalid Amount
CLM20364,Invalid Amount
CLM20365,Invalid Amount
CLM20365,Invalid Amount
CLM20366,Invalid Amount
CLM20366,Invalid Amount
CLM20366,Invalid Amount
CLM20366,Invalid Amount
CLM20367,Invalid Amount
CLM20367,Invalid Amount
CLM20367,Invalid Amount
CLM20368,Invalid Amount
CLM20368,Invalid Amount
CLM20369,Invalid Amount
CLM20370,Invalid Amount
CLM20370,Invalid Amount
CLM20371,Invalid Amount
CLM20371,Invalid Amount
CLM20372,Invalid Amount
CLM20372,Invalid Amount
CLM20373,Invalid Amount
CLM20373,Invalid Amount
CLM20374,Invalid Amount
CLM20374,Invalid Amount
CLM20376,Invalid Amount
CLM20376,Invalid Amount
CLM20377,Invalid Amount
CLM20377,Invalid Amount
CLM20377,Invalid Amount
CLM20377,Invalid Amount
CLM20378,Invalid Amount
CLM20378,Invalid Amount
CLM20379,Invalid Amount
CLM20379,Invalid Amount
CLM20380,Invalid Amount
CLM20380,Invalid Amount
CLM20380,Invalid Amount
CLM20380,Invalid Amount
CLM20381,Invalid Amount
CLM20381,Invalid Amount
CLM20382,Invalid Amount
CLM20382,Invalid Amount
CLM20382,Invalid Amount
CLM20382,Invalid Amount
CLM20382,Invalid Amount
CLM20382,Invalid Amount
CLM20383,Invalid Amount
CLM20383,Invalid Amount
CLM20384,Invalid Amount
CLM20384,Invalid Amount
CLM20385,Invalid Amount
CLM20385,Invalid Amount
CLM20386,Invalid Amount
CLM20386,Invalid Amount
CLM20387,Invalid Amount
CLM20387,Invalid Amount
CLM20388,Invalid Amount
CLM20388,Invalid Amount
CLM20389,Invalid Amount
CLM20389,Invalid Amount
CLM20390,Invalid Amount
CLM20390,Invalid Amount
CLM20391,Invalid Amount
CLM20391,Invalid Amount
CLM20392,Invalid Amount
CLM20392,Invalid Amount
CLM20392,Invalid Amount
CLM20392,Invalid Amount
CLM20393,Invalid Amount
CLM20393,Invalid Amount
CLM20394,Invalid Amount
CLM20394,Invalid Amount
CLM20395,Invalid Amount
CLM20395,Invalid Amount
CLM20396,Invalid Amount
CLM20396,Invalid Amount
CLM20397,Invalid Amount
CLM20397,Invalid Amount
CLM20397,Invalid Amount
CLM20397,Invalid Amount
CLM20398,Invalid Amount
CLM20398,Invalid Amount
CLM20399,Invalid Amount
CLM20399,Invalid Amount
CLM20399,Invalid Amount
CLM20400,Invalid Amount
CLM20400,Invalid Amount
CLM20400,Invalid Amount
CLM20400,Invalid Amount
CLM20401,Invalid Amount
CLM20401,Invalid Amount
CLM20402,Invalid Amount
CLM20402,Invalid Amount
CLM20403,Invalid Amount
CLM20403,Invalid Amount
CLM20403,Invalid Amount
CLM20404,Invalid Amount
CLM20404,Invalid Amount
CLM20404,Invalid Amount
CLM20404,Invalid Amount
CLM20404,Invalid Amount
CLM20404,Invalid Amount
CLM20405,Invalid Amount
CLM20405,Invalid Amount
CLM20406,Invalid Amount
CLM20406,Invalid Amount
CLM20406,Invalid Amount
CLM20407,Invalid Amount
CLM20407,Invalid Amount
CLM20408,Invalid Amount
CLM20408,Invalid Amount
CLM20408,Invalid Amount
CLM20409,Invalid Amount
CLM20409,Invalid Amount
CLM20410,Invalid Amount
CLM20410,Invalid Amount
CLM20411,Invalid Amount
CLM20411,Invalid Amount
CLM20412,Invalid Amount
CLM20412,Invalid Amount
CLM20413,Invalid Amount
CLM20413,Invalid Amount
CLM20413,Invalid Amount
CLM20413,Invalid Amount
CLM20414,Invalid Amount
CLM20414,Invalid Amount
CLM20415,Invalid Amount
CLM20415,Invalid Amount
CLM20416,Invalid Amount
CLM20416,Invalid Amount
CLM20417,Invalid Amount
CLM20417,Invalid Amount
CLM20418,Invalid Amount
CLM20418,Invalid Amount
CLM20419,Invalid Amount
CLM20419,Invalid Amount
CLM20420,Invalid Amount
CLM20420,Invalid Amount
CLM20421,Invalid Amount
CLM20421,Invalid Amount
CLM20422,Invalid Amount
CLM20422,Invalid Amount
CLM20423,Invalid Amount
CLM20423,Invalid Amount
CLM20424,Invalid Amount
CLM20424,Invalid Amount
CLM20425,Invalid Amount
CLM20425,Invalid Amount
CLM20426,Invalid Amount
CLM20426,Invalid Amount
CLM20426,Invalid Amount
CLM20427,Invalid Amount
CLM20427,Invalid Amount
CLM20427,Invalid Amount
CLM20428,Invalid Amount
CLM20428,Invalid Amount
CLM20429,Invalid Amount
CLM20429,Invalid Amount
CLM20430,Invalid Amount
CLM20430,Invalid Amount
CLM20431,Invalid Amount
CLM20431,Invalid Amount
CLM20432,Invalid Amount
CLM20432,Invalid Amount
CLM20433,Invalid Amount
CLM20433,Invalid Amount
CLM20434,Invalid Amount
CLM20434,Invalid Amount
CLM20435,Invalid Amount
CLM20435,Invalid Amount
CLM20436,Invalid Amount
CLM20436,Invalid Amount
CLM20437,Invalid Amount
CLM20437,Invalid Amount
CLM20438,Invalid Amount
CLM20438,Invalid Amount
CLM20439,Invalid Amount
CLM20439,Invalid Amount
CLM20440,Invalid Amount
CLM20440,Invalid Amount
CLM20441,Invalid Amount
CLM20441,Invalid Amount
CLM20441,Invalid Amount
CLM20442,Invalid Amount
CLM20442,Invalid Amount
CLM20442,Invalid Amount
CLM20442,Invalid Amount
CLM20443,Invalid Amount
CLM20443,Invalid Amount
CLM20443,Invalid Amount
CLM20444,Invalid Amount
CLM20444,Invalid Amount
CLM20445,Invalid Amount
CLM20445,Invalid Amount
CLM20446,Invalid Amount
CLM20446,Invalid Amount
CLM20447,Invalid Amount
CLM20447,Invalid Amount
CLM20448,Invalid Amount
CLM20448,Invalid Amount
CLM20449,Invalid Amount
CLM20449,Invalid Amount
CLM20450,Invalid Amount
CLM20450,Invalid Amount
CLM20451,Invalid Amount
CLM20451,Invalid Amount
CLM20452,Invalid Amount
CLM20452,Invalid Amount
CLM20453,Invalid Amount
CLM20453,Invalid Amount
CLM20454,Invalid Amount
CLM20454,Invalid Amount
CLM20455,Invalid Amount
CLM20455,Invalid Amount
CLM20456,Invalid Amount
CLM20456,Invalid Amount
CLM20457,Invalid Amount
CLM20457,Invalid Amount
CLM20458,Invalid Amount
CLM20458,Invalid Amount
CLM20459,Invalid Amount
CLM20459,Invalid Amount
CLM20460,Invalid Amount
CLM20460,Invalid Amount
CLM20461,Invalid Amount
CLM20461,Invalid Amount
CLM20462,Invalid Amount
CLM20462,Invalid Amount
CLM20463,Invalid Amount
CLM20463,Invalid Amount
CLM20464,Invalid Amount
CLM20464,Invalid Amount
CLM20465,Invalid Amount
CLM20465,Invalid Amount
CLM20466,Invalid Amount
CLM20466,Invalid Amount
CLM20467,Invalid Amount
CLM20467,Invalid Amount
CLM20468,Invalid Amount
CLM20468,Invalid Amount
CLM20468,Invalid Amount
CLM20469,Invalid Amount
CLM20469,Invalid Amount
CLM20469,Invalid Amount
CLM20469,Invalid Amount
CLM20471,Invalid Amount
CLM20471,Invalid Amount
CLM20472,Invalid Amount
CLM20472,Invalid Amount
CLM20473,Invalid Amount
CLM20473,Invalid Amount
CLM20474,Invalid Amount
CLM20474,Invalid Amount
CLM20475,Invalid Amount
CLM20475,Invalid Amount
CLM20476,Invalid Amount
CLM20476,Invalid Amount
CLM20477,Invalid Amount
CLM20477,Invalid Amount
CLM20478,Invalid Amount
CLM20478,Invalid Amount
CLM20479,Invalid Amount
CLM20479,Invalid Amount
CLM20480,Invalid Amount
CLM20480,Invalid Amount
CLM20481,Invalid Amount
CLM20481,Invalid Amount
CLM20482,Invalid Amount
CLM20482,Invalid Amount
CLM20483,Invalid Amount
CLM20483,Invalid Amount
CLM20484,Invalid Amount
CLM20484,Invalid Amount
CLM20485,Invalid Amount
CLM20485,Invalid Amount
CLM20486,Invalid Amount
CLM20486,Invalid Amount
CLM20487,Invalid Amount
CLM20487,Invalid Amount
CLM20488,Invalid Amount
CLM20488,Invalid Amount
CLM20488,Invalid Amount
CLM20488,Invalid Amount
CLM20489,Invalid Amount
CLM20489,Invalid Amount
CLM20490,Invalid Amount
CLM20490,Invalid Amount
CLM20491,Invalid Amount
CLM20491,Invalid Amount
CLM20492,Invalid Amount
CLM20492,Invalid Amount
CLM20493,Invalid Amount
CLM20493,Invalid Amount
CLM20494,Invalid Amount
CLM20494,Invalid Amount
CLM30001,Invalid Amount
CLM30002,Invalid Amount
CLM30003,Invalid Amount
CLM30004,Invalid Amount
CLM30005,Invalid Amount
CLM30005,Invalid Amount
CLM30006,Invalid Amount
CLM30007,Invalid Amount
CLM30008,Invalid Amount
CLM30009,Invalid Amount
CLM30010,Invalid Amount
CLM30010,Invalid Amount
CLM30010,Invalid Amount
CLM30012,Invalid Amount
CLM30012,Invalid Amount
CLM30012,Invalid Amount
CLM30013,Invalid Amount
CLM30013,Invalid Amount
CLM30014,Invalid Amount
CLM30014,Invalid Amount
CLM30015,Invalid Amount
CLM30015,Invalid Amount
CLM30015,Invalid Amount
CLM30015,Invalid Amount
CLM30016,Invalid Amount
CLM30016,Invalid Amount
CLM30017,Invalid Amount
CLM30017,Invalid Amount
CLM30017,Invalid Amount
CLM30018,Invalid Amount
CLM30018,Invalid Amount
CLM30019,Invalid Amount
CLM30019,Invalid Amount
CLM30020,Invalid Amount
CLM30020,Invalid Amount
CLM30021,Invalid Amount
CLM30021,Invalid Amount
CLM30022,Invalid Amount
CLM30022,Invalid Amount
CLM30023,Invalid Amount
CLM30023,Invalid Amount
CLM30024,Invalid Amount
CLM30024,Invalid Amount
CLM30025,Invalid Amount
CLM30025,Invalid Amount
CLM30026,Invalid Amount
CLM30026,Invalid Amount
CLM30026,Invalid Amount
CLM30026,Invalid Amount
CLM30027,Invalid Amount
CLM30027,Invalid Amount
CLM30027,Invalid Amount
CLM30027,Invalid Amount
CLM30028,Invalid Amount
CLM30028,Invalid Amount
CLM30028,Invalid Amount
CLM30028,Invalid Amount
CLM30029,Invalid Amount
CLM30029,Invalid Amount
CLM30030,Invalid Amount
CLM30030,Invalid Amount
CLM30031,Invalid Amount
CLM30031,Invalid Amount
CLM30032,Invalid Amount
CLM30032,Invalid Amount
CLM30032,Invalid Amount
CLM30032,Invalid Amount
CLM30033,Invalid Amount
CLM30033,Invalid Amount
CLM30034,Invalid Amount
CLM30034,Invalid Amount
CLM30034,Invalid Amount
CLM30035,Invalid Amount
CLM30035,Invalid Amount
CLM30036,Invalid Amount
CLM30036,Invalid Amount
CLM30037,Invalid Amount
CLM30037,Invalid Amount
CLM30038,Invalid Amount
CLM30038,Invalid Amount
CLM30039,Invalid Amount
CLM30039,Invalid Amount
CLM30040,Invalid Amount
CLM30040,Invalid Amount
CLM30040,Invalid Amount
CLM30040,Invalid Amount
CLM30040,Invalid Amount
CLM30040,Invalid Amount
CLM30041,Invalid Amount
CLM30041,Invalid Amount
CLM30041,Invalid Amount
CLM30041,Invalid Amount
CLM30042,Invalid Amount
CLM30042,Invalid Amount
CLM30043,Invalid Amount
CLM30043,Invalid Amount
CLM30044,Invalid Amount
CLM30044,Invalid Amount
CLM30044,Invalid Amount
CLM30044,Invalid Amount
CLM30045,Invalid Amount
CLM30045,Invalid Amount
CLM30045,Invalid Amount
CLM30045,Invalid Amount
CLM30045,Invalid Amount
CLM30045,Invalid Amount
CLM30045,Invalid Amount
CLM30046,Invalid Amount
CLM30046,Invalid Amount
CLM30047,Invalid Amount
CLM30047,Invalid Amount
CLM30047,Invalid Amount
CLM30048,Invalid Amount
CLM30048,Invalid Amount
CLM30049,Invalid Amount
CLM30049,Invalid Amount
CLM30050,Invalid Amount
CLM30050,Invalid Amount
CLM30051,Invalid Amount
CLM30051,Invalid Amount
CLM30051,Invalid Amount
CLM30051,Invalid Amount
CLM30052,Invalid Amount
CLM30052,Invalid Amount
CLM30053,Invalid Amount
CLM30053,Invalid Amount
CLM30053,Invalid Amount
CLM30054,Invalid Amount
CLM30054,Invalid Amount
CLM30055,Invalid Amount
CLM30055,Invalid Amount
CLM30056,Invalid Amount
CLM30056,Invalid Amount
CLM30057,Invalid Amount
CLM30057,Invalid Amount
CLM30057,Invalid Amount
CLM30057,Invalid Amount
CLM30058,Invalid Amount
CLM30058,Invalid Amount
CLM30058,Invalid Amount
CLM30059,Invalid Amount
CLM30059,Invalid Amount
CLM30060,Invalid Amount
CLM30060,Invalid Amount
CLM30061,Invalid Amount
CLM30061,Invalid Amount
CLM30062,Invalid Amount
CLM30062,Invalid Amount
CLM30062,Invalid Amount
CLM30062,Invalid Amount
CLM30062,Invalid Amount
CLM30062,Invalid Amount
CLM30062,Invalid Amount
CLM30063,Invalid Amount
CLM30063,Invalid Amount
CLM30064,Invalid Amount
CLM30064,Invalid Amount
CLM30064,Invalid Amount
CLM30064,Invalid Amount
CLM30064,Invalid Amount
CLM30065,Invalid Amount
CLM30065,Invalid Amount
CLM30065,Invalid Amount
CLM30066,Invalid Amount
CLM30066,Invalid Amount
CLM30067,Invalid Amount
CLM30067,Invalid Amount
CLM30067,Invalid Amount
CLM30068,Invalid Amount
CLM30068,Invalid Amount
CLM30069,Invalid Amount
CLM30069,Invalid Amount
CLM30070,Invalid Amount
CLM30070,Invalid Amount
CLM30071,Invalid Amount
CLM30071,Invalid Amount
CLM30071,Invalid Amount
CLM30071,Invalid Amount
CLM30072,Invalid Amount
CLM30072,Invalid Amount
CLM30073,Invalid Amount
CLM30073,Invalid Amount
CLM30074,Invalid Amount
CLM30074,Invalid Amount
CLM30074,Invalid Amount
CLM30074,Invalid Amount
CLM30074,Invalid Amount
CLM30075,Invalid Amount
CLM30075,Invalid Amount
CLM30076,Invalid Amount
CLM30076,Invalid Amount
CLM30077,Invalid Amount
CLM30077,Invalid Amount
CLM30077,Invalid Amount
CLM30078,Invalid Amount
CLM30078,Invalid Amount
CLM30079,Invalid Amount
CLM30079,Invalid Amount
CLM30080,Invalid Amount
CLM30080,Invalid Amount
CLM30081,Invalid Amount
CLM30081,Invalid Amount
CLM30081,Invalid Amount
CLM30082,Invalid Amount
CLM30082,Invalid Amount
CLM30083,Invalid Amount
CLM30083,Invalid Amount
CLM30084,Invalid Amount
CLM30084,Invalid Amount
CLM30085,Invalid Amount
CLM30085,Invalid Amount
CLM30086,Invalid Amount
CLM30086,Invalid Amount
CLM30086,Invalid Amount
CLM30086,Invalid Amount
CLM30086,Invalid Amount
CLM30087,Invalid Amount
CLM30087,Invalid Amount
CLM30087,Invalid Amount
CLM30088,Invalid Amount
CLM30088,Invalid Amount
CLM30088,Invalid Amount
CLM30089,Invalid Amount
CLM30089,Invalid Amount
CLM30090,Invalid Amount
CLM30090,Invalid Amount
CLM30091,Invalid Amount
CLM30091,Invalid Amount
CLM30092,Invalid Amount
CLM30092,Invalid Amount
CLM30093,Invalid Amount
CLM30093,Invalid Amount
CLM30094,Invalid Amount
CLM30094,Invalid Amount
CLM30095,Invalid Amount
CLM30095,Invalid Amount
CLM30096,Invalid Amount
CLM30096,Invalid Amount
CLM30096,Invalid Amount
CLM30097,Invalid Amount
CLM30097,Invalid Amount
CLM30098,Invalid Amount
CLM30098,Invalid Amount
CLM30099,Invalid Amount
CLM30099,Invalid Amount
CLM30100,Invalid Amount
CLM30100,Invalid Amount
CLM30101,Invalid Amount
CLM30101,Invalid Amount
CLM30102,Invalid Amount
CLM30102,Invalid Amount
CLM30102,Invalid Amount
CLM30102,Invalid Amount
CLM30102,Invalid Amount
CLM30102,Invalid Amount
CLM30102,Invalid Amount
CLM30102,Invalid Amount
CLM30102,Invalid Amount
CLM30103,Invalid Amount
CLM30103,Invalid Amount
CLM30103,Invalid Amount
CLM30104,Invalid Amount
CLM30104,Invalid Amount
CLM30104,Invalid Amount
CLM30104,Invalid Amount
CLM30105,Invalid Amount
CLM30105,Invalid Amount
CLM30106,Invalid Amount
CLM30106,Invalid Amount
CLM30106,Invalid Amount
CLM30107,Invalid Amount
CLM30107,Invalid Amount
CLM30107,Invalid Amount
CLM30107,Invalid Amount
CLM30108,Invalid Amount
CLM30108,Invalid Amount
CLM30109,Invalid Amount
CLM30109,Invalid Amount
CLM30109,Invalid Amount
CLM30110,Invalid Amount
CLM30110,Invalid Amount
CLM30111,Invalid Amount
CLM30111,Invalid Amount
CLM30111,Invalid Amount
CLM30112,Invalid Amount
CLM30112,Invalid Amount
CLM30113,Invalid Amount
CLM30113,Invalid Amount
CLM30114,Invalid Amount
CLM30114,Invalid Amount
CLM30115,Invalid Amount
CLM30115,Invalid Amount
CLM30116,Invalid Amount
CLM30116,Invalid Amount
CLM30116,Invalid Amount
CLM30116,Invalid Amount
CLM30117,Invalid Amount
CLM30117,Invalid Amount
CLM30118,Invalid Amount
CLM30118,Invalid Amount
CLM30119,Invalid Amount
CLM30119,Invalid Amount
CLM30120,Invalid Amount
CLM30120,Invalid Amount
CLM30120,Invalid Amount
CLM30121,Invalid Amount
CLM30121,Invalid Amount
CLM30122,Invalid Amount
CLM30122,Invalid Amount
CLM30122,Invalid Amount
CLM30122,Invalid Amount
CLM30123,Invalid Amount
CLM30123,Invalid Amount
CLM30123,Invalid Amount
CLM30123,Invalid Amount
CLM30124,Invalid Amount
CLM30124,Invalid Amount
CLM30125,Invalid Amount
CLM30125,Invalid Amount
CLM30126,Invalid Amount
CLM30126,Invalid Amount
CLM30127,Invalid Amount
CLM30127,Invalid Amount
CLM30127,Invalid Amount
CLM30127,Invalid Amount
CLM30128,Invalid Amount
CLM30128,Invalid Amount
CLM30128,Invalid Amount
CLM30128,Invalid Amount
CLM30128,Invalid Amount
CLM30129,Invalid Amount
CLM30129,Invalid Amount
CLM30130,Invalid Amount
CLM30130,Invalid Amount
CLM30130,Invalid Amount
CLM30131,Invalid Amount
CLM30131,Invalid Amount
CLM30131,Invalid Amount
CLM30132,Invalid Amount
CLM30132,Invalid Amount
CLM30132,Invalid Amount
CLM30132,Invalid Amount
CLM30133,Invalid Amount
CLM30133,Invalid Amount
CLM30134,Invalid Amount
CLM30134,Invalid Amount
CLM30135,Invalid Amount
CLM30135,Invalid Amount
CLM30136,Invalid Amount
CLM30136,Invalid Amount
CLM30137,Invalid Amount
CLM30137,Invalid Amount
CLM30138,Invalid Amount
CLM30138,Invalid Amount
CLM30139,Invalid Amount
CLM30139,Invalid Amount
CLM30140,Invalid Amount
CLM30140,Invalid Amount
CLM30140,Invalid Amount
CLM30141,Invalid Amount
CLM30141,Invalid Amount
CLM30142,Invalid Amount
CLM30142,Invalid Amount
CLM30143,Invalid Amount
CLM30143,Invalid Amount
CLM30144,Invalid Amount
CLM30144,Invalid Amount
CLM30145,Invalid Amount
CLM30145,Invalid Amount
CLM30146,Invalid Amount
CLM30146,Invalid Amount
CLM30147,Invalid Amount
CLM30147,Invalid Amount
CLM30148,Invalid Amount
CLM30148,Invalid Amount
CLM30149,Invalid Amount
CLM30149,Invalid Amount
CLM30149,Invalid Amount
CLM30150,Invalid Amount
CLM30150,Invalid Amount
CLM30150,Invalid Amount
CLM30151,Invalid Amount
CLM30151,Invalid Amount
CLM30151,Invalid Amount
CLM30152,Invalid Amount
CLM30152,Invalid Amount
CLM30152,Invalid Amount
CLM30153,Invalid Amount
CLM30153,Invalid Amount
CLM30154,Invalid Amount
CLM30154,Invalid Amount
CLM30154,Invalid Amount
CLM30154,Invalid Amount
CLM30155,Invalid Amount
CLM30155,Invalid Amount
CLM30156,Invalid Amount
CLM30156,Invalid Amount
CLM30156,Invalid Amount
CLM30157,Invalid Amount
CLM30157,Invalid Amount
CLM30158,Invalid Amount
CLM30158,Invalid Amount
CLM30158,Invalid Amount
CLM30159,Invalid Amount
CLM30159,Invalid Amount
CLM30159,Invalid Amount
CLM30159,Invalid Amount
CLM30159,Invalid Amount
CLM30160,Invalid Amount
CLM30160,Invalid Amount
CLM30161,Invalid Amount
CLM30161,Invalid Amount
CLM30162,Invalid Amount
CLM30162,Invalid Amount
CLM30163,Invalid Amount
CLM30163,Invalid Amount
CLM30164,Invalid Amount
CLM30164,Invalid Amount
CLM30165,Invalid Amount
CLM30165,Invalid Amount
CLM30166,Invalid Amount
CLM30166,Invalid Amount
CLM30166,Invalid Amount
CLM30166,Invalid Amount
CLM30167,Invalid Amount
CLM30167,Invalid Amount
CLM30168,Invalid Amount
CLM30168,Invalid Amount
CLM30169,Invalid Amount
CLM30169,Invalid Amount
CLM30169,Invalid Amount
CLM30169,Invalid Amount
CLM30170,Invalid Amount
CLM30170,Invalid Amount
CLM30170,Invalid Amount
CLM30170,Invalid Amount
CLM30171,Invalid Amount
CLM30171,Invalid Amount
CLM30171,Invalid Amount
CLM30171,Invalid Amount
CLM30172,Invalid Amount
CLM30172,Invalid Amount
CLM30173,Invalid Amount
CLM30173,Invalid Amount
CLM30174,Invalid Amount
CLM30174,Invalid Amount
CLM30175,Invalid Amount
CLM30175,Invalid Amount
CLM30176,Invalid Amount
CLM30176,Invalid Amount
CLM30176,Invalid Amount
CLM30177,Invalid Amount
CLM30177,Invalid Amount
CLM30178,Invalid Amount
CLM30178,Invalid Amount
CLM30178,Invalid Amount
CLM30178,Invalid Amount
CLM30179,Invalid Amount
CLM30179,Invalid Amount
CLM30180,Invalid Amount
CLM30180,Invalid Amount
CLM30180,Invalid Amount
CLM30181,Invalid Amount
CLM30181,Invalid Amount
CLM30181,Invalid Amount
CLM30181,Invalid Amount
CLM30182,Invalid Amount
CLM30182,Invalid Amount
CLM30183,Invalid Amount
CLM30183,Invalid Amount
CLM30184,Invalid Amount
CLM30184,Invalid Amount
CLM30185,Invalid Amount
CLM30185,Invalid Amount
CLM30185,Invalid Amount
CLM30185,Invalid Amount
CLM30185,Invalid Amount
CLM30185,Invalid Amount
CLM30186,Invalid Amount
CLM30186,Invalid Amount
CLM30187,Invalid Amount
CLM30187,Invalid Amount
CLM30187,Invalid Amount
CLM30187,Invalid Amount
CLM30187,Invalid Amount
CLM30187,Invalid Amount
CLM30188,Invalid Amount
CLM30188,Invalid Amount
CLM30190,Invalid Amount
CLM30190,Invalid Amount
CLM30191,Invalid Amount
CLM30191,Invalid Amount
CLM30191,Invalid Amount
CLM30191,Invalid Amount
CLM30192,Invalid Amount
CLM30192,Invalid Amount
CLM30193,Invalid Amount
CLM30193,Invalid Amount
CLM30194,Invalid Amount
CLM30194,Invalid Amount
CLM30194,Invalid Amount
CLM30194,Invalid Amount
CLM30194,Invalid Amount
CLM30195,Invalid Amount
CLM30195,Invalid Amount
CLM30196,Invalid Amount
CLM30196,Invalid Amount
CLM30196,Invalid Amount
CLM30197,Invalid Amount
CLM30197,Invalid Amount
CLM30197,Invalid Amount
CLM30197,Invalid Amount
CLM30198,Invalid Amount
CLM30198,Invalid Amount
CLM30199,Invalid Amount
CLM30199,Invalid Amount
CLM30200,Invalid Amount
CLM30200,Invalid Amount
CLM30201,Invalid Amount
CLM30201,Invalid Amount
CLM30202,Invalid Amount
CLM30202,Invalid Amount
CLM30203,Invalid Amount
CLM30203,Invalid Amount
CLM30203,Invalid Amount
CLM30204,Invalid Amount
CLM30204,Invalid Amount
CLM30205,Invalid Amount
CLM30205,Invalid Amount
CLM30206,Invalid Amount
CLM30206,Invalid Amount
CLM30207,Invalid Amount
CLM30207,Invalid Amount
CLM30208,Invalid Amount
CLM30208,Invalid Amount
CLM30208,Invalid Amount
CLM30208,Invalid Amount
CLM30209,Invalid Amount
CLM30209,Invalid Amount
CLM30209,Invalid Amount
CLM30209,Invalid Amount
CLM30210,Invalid Amount
CLM30210,Invalid Amount
CLM30211,Invalid Amount
CLM30211,Invalid Amount
CLM30212,Invalid Amount
CLM30212,Invalid Amount
CLM30213,Invalid Amount
CLM30213,Invalid Amount
CLM30214,Invalid Amount
CLM30214,Invalid Amount
CLM30215,Invalid Amount
CLM30215,Invalid Amount
CLM30216,Invalid Amount
CLM30216,Invalid Amount
CLM30217,Invalid Amount
CLM30217,Invalid Amount
CLM30218,Invalid Amount
CLM30218,Invalid Amount
CLM30218,Invalid Amount
CLM30219,Invalid Amount
CLM30219,Invalid Amount
CLM30220,Invalid Amount
CLM30220,Invalid Amount
CLM30220,Invalid Amount
CLM30220,Invalid Amount
CLM30220,Invalid Amount
CLM30220,Invalid Amount
CLM30220,Invalid Amount
CLM30220,Invalid Amount
CLM30221,Invalid Amount
CLM30221,Invalid Amount
CLM30222,Invalid Amount
CLM30222,Invalid Amount
CLM30223,Invalid Amount
CLM30223,Invalid Amount
CLM30224,Invalid Amount
CLM30224,Invalid Amount
CLM30224,Invalid Amount
CLM30225,Invalid Amount
CLM30225,Invalid Amount
CLM30225,Invalid Amount
CLM30225,Invalid Amount
CLM30225,Invalid Amount
CLM30225,Invalid Amount
CLM30226,Invalid Amount
CLM30226,Invalid Amount
CLM30226,Invalid Amount
CLM30226,Invalid Amount
CLM30227,Invalid Amount
CLM30227,Invalid Amount
CLM30227,Invalid Amount
CLM30227,Invalid Amount
CLM30228,Invalid Amount
CLM30228,Invalid Amount
CLM30229,Invalid Amount
CLM30229,Invalid Amount
CLM30229,Invalid Amount
CLM30229,Invalid Amount
CLM30230,Invalid Amount
CLM30230,Invalid Amount
CLM30231,Invalid Amount
CLM30231,Invalid Amount
CLM30232,Invalid Amount
CLM30232,Invalid Amount
CLM30233,Invalid Amount
CLM30233,Invalid Amount
CLM30234,Invalid Amount
CLM30234,Invalid Amount
CLM30234,Invalid Amount
CLM30234,Invalid Amount
CLM30235,Invalid Amount
CLM30235,Invalid Amount
CLM30236,Invalid Amount
CLM30236,Invalid Amount
CLM30237,Invalid Amount
CLM30237,Invalid Amount
CLM30237,Invalid Amount
CLM30238,Invalid Amount
CLM30238,Invalid Amount
CLM30238,Invalid Amount
CLM30238,Invalid Amount
CLM30239,Invalid Amount
CLM30239,Invalid Amount
CLM30240,Invalid Amount
CLM30240,Invalid Amount
CLM30240,Invalid Amount
CLM30240,Invalid Amount
CLM30241,Invalid Amount
CLM30241,Invalid Amount
CLM30241,Invalid Amount
CLM30241,Invalid Amount
CLM30242,Invalid Amount
CLM30242,Invalid Amount
CLM30243,Invalid Amount
CLM30243,Invalid Amount
CLM30244,Invalid Amount
CLM30244,Invalid Amount
CLM30245,Invalid Amount
CLM30245,Invalid Amount
CLM30246,Invalid Amount
CLM30246,Invalid Amount
CLM30247,Invalid Amount
CLM30247,Invalid Amount
CLM30248,Invalid Amount
CLM30248,Invalid Amount
CLM30248,Invalid Amount
CLM30249,Invalid Amount
CLM30249,Invalid Amount
CLM30250,Invalid Amount
CLM30250,Invalid Amount
CLM30251,Invalid Amount
CLM30251,Invalid Amount
CLM30252,Invalid Amount
CLM30252,Invalid Amount
CLM30253,Invalid Amount
CLM30253,Invalid Amount
CLM30254,Invalid Amount
CLM30254,Invalid Amount
CLM30255,Invalid Amount
CLM30255,Invalid Amount
CLM30256,Invalid Amount
CLM30256,Invalid Amount
CLM30257,Invalid Amount
CLM30257,Invalid Amount
CLM30258,Invalid Amount
CLM30258,Invalid Amount
CLM30259,Invalid Amount
CLM30259,Invalid Amount
CLM30260,Invalid Amount
CLM30260,Invalid Amount
CLM30261,Invalid Amount
CLM30261,Invalid Amount
CLM30261,Invalid Amount
CLM30262,Invalid Amount
CLM30262,Invalid Amount
CLM30263,Invalid Amount
CLM30263,Invalid Amount
CLM30263,Invalid Amount
CLM30263,Invalid Amount
CLM30263,Invalid Amount
CLM30264,Invalid Amount
CLM30264,Invalid Amount
CLM30265,Invalid Amount
CLM30265,Invalid Amount
CLM30266,Invalid Amount
CLM30266,Invalid Amount
CLM30267,Invalid Amount
CLM30267,Invalid Amount
CLM30268,Invalid Amount
CLM30268,Invalid Amount
CLM30269,Invalid Amount
CLM30269,Invalid Amount
CLM30270,Invalid Amount
CLM30270,Invalid Amount
CLM30271,Invalid Amount
CLM30271,Invalid Amount
CLM30272,Invalid Amount
CLM30272,Invalid Amount
CLM30273,Invalid Amount
CLM30273,Invalid Amount
CLM30274,Invalid Amount
CLM30274,Invalid Amount
CLM30275,Invalid Amount
CLM30275,Invalid Amount
CLM30276,Invalid Amount
CLM30276,Invalid Amount
CLM30277,Invalid Amount
CLM30277,Invalid Amount
CLM30278,Invalid Amount
CLM30278,Invalid Amount
CLM30278,Invalid Amount
CLM30279,Invalid Amount
CLM30279,Invalid Amount
CLM30280,Invalid Amount
CLM30280,Invalid Amount
CLM30281,Invalid Amount
CLM30281,Invalid Amount
CLM30282,Invalid Amount
CLM30282,Invalid Amount
CLM30283,Invalid Amount
CLM30283,Invalid Amount
CLM30284,Invalid Amount
CLM40001,Invalid Amount
CLM40001,Invalid Amount
CLM40002,Invalid Amount
CLM40002,Invalid Amount
CLM40003,Invalid Amount
CLM40003,Invalid Amount
CLM40004,Invalid Amount
CLM40004,Invalid Amount
CLM40005,Invalid Amount
CLM40005,Invalid Amount
CLM40005,Invalid Amount
CLM40005,Invalid Amount
CLM40006,Invalid Amount
CLM40006,Invalid Amount
CLM40007,Invalid Amount
CLM40007,Invalid Amount
CLM40007,Invalid Amount
CLM40007,Invalid Amount
CLM40008,Invalid Amount
CLM40008,Invalid Amount
CLM40008,Invalid Amount
CLM40009,Invalid Amount
CLM40009,Invalid Amount
CLM40010,Invalid Amount
CLM40010,Invalid Amount
CLM40011,Invalid Amount
CLM40011,Invalid Amount
CLM40011,Invalid Amount
CLM40012,Invalid Amount
CLM40012,Invalid Amount
CLM40013,Invalid Amount
CLM40013,Invalid Amount
CLM40014,Invalid Amount
CLM40014,Invalid Amount
CLM40015,Invalid Amount
CLM40015,Invalid Amount
CLM40015,Invalid Amount
CLM40016,Invalid Amount
CLM40016,Invalid Amount
CLM40017,Invalid Amount
CLM40017,Invalid Amount
CLM40018,Invalid Amount
CLM40018,Invalid Amount
CLM40018,Invalid Amount
CLM40018,Invalid Amount
CLM40018,Invalid Amount
CLM40019,Invalid Amount
CLM40019,Invalid Amount
CLM40019,Invalid Amount
CLM40020,Invalid Amount
CLM40020,Invalid Amount
CLM40020,Invalid Amount
CLM40020,Invalid Amount
CLM40020,Invalid Amount
CLM40020,Invalid Amount
CLM40021,Invalid Amount
CLM40021,Invalid Amount
CLM40022,Invalid Amount
CLM40022,Invalid Amount
CLM40023,Invalid Amount
CLM40023,Invalid Amount
CLM40024,Invalid Amount
CLM40024,Invalid Amount
ZLM2210001,Invalid Amount
ZLM2210001,Invalid Amount
ZLM2210002,Invalid Amount
ZLM2210002,Invalid Amount
ZLM2210003,Invalid Amount
ZLM2210003,Invalid Amount
ZLM2210004,Invalid Amount
ZLM2210004,Invalid Amount
ZLM2210004,Invalid Amount
ZLM2210005,Invalid Amount
ZLM2210005,Invalid Amount
ZLM2210005,Invalid Amount
ZLM2210006,Invalid Amount
ZLM2210006,Invalid Amount
ZLM2210006,Invalid Amount
ZLM2210006,Invalid Amount
ZLM2210007,Invalid Amount
ZLM2210007,Invalid Amount
ZLM2210007,Invalid Amount
ZLM2210007,Invalid Amount
ZLM2210008,Invalid Amount
ZLM2210008,Invalid Amount
ZLM2210009,Invalid Amount
ZLM2210009,Invalid Amount
ZLM2210010,Invalid Amount
ZLM2210010,Invalid Amount
ZLM2210010,Invalid Amount
ZLM2210010,Invalid Amount
ZLM2210010,Invalid Amount
ZLM2210011,Invalid Amount
ZLM2210011,Invalid Amount
ZLM2210012,Invalid Amount
ZLM2210012,Invalid Amount
ZLM2210013,Invalid Amount
ZLM2210013,Invalid Amount
ZLM2210014,Invalid Amount
ZLM2210014,Invalid Amount
ZLM2210015,Invalid Amount
ZLM2210015,Invalid Amount
ZLM2210016,Invalid Amount
ZLM2210016,Invalid Amount
ZLM2210016,Invalid Amount
ZLM2210016,Invalid Amount
ZLM2210017,Invalid Amount
ZLM2210017,Invalid Amount
ZLM2210018,Invalid Amount
ZLM2210018,Invalid Amount
ZLM2210019,Invalid Amount
ZLM2210019,Invalid Amount
ZLM2210019,Invalid Amount
ZLM2210020,Invalid Amount
ZLM2210020,Invalid Amount
ZLM2210021,Invalid Amount
ZLM2210021,Invalid Amount
ZLM2210022,Invalid Amount
ZLM2210022,Invalid Amount
ZLM2210023,Invalid Amount
ZLM2210023,Invalid Amount
ZLM2210023,Invalid Amount
ZLM2210024,Invalid Amount
ZLM2210024,Invalid Amount
ZLM2210025,Invalid Amount
ZLM2210025,Invalid Amount
ZLM2210026,Invalid Amount
ZLM2210026,Invalid Amount
ZLM2210027,Invalid Amount
ZLM2210027,Invalid Amount
ZLM2210028,Invalid Amount
ZLM2210028,Invalid Amount
ZLM2210028,Invalid Amount
ZLM2210029,Invalid Amount
ZLM2210029,Invalid Amount
ZLM2210030,Invalid Amount
ZLM2210030,Invalid Amount
ZLM2210031,Invalid Amount
ZLM2210031,Invalid Amount
ZLM2210032,Invalid Amount
ZLM2210032,Invalid Amount
ZLM2210032,Invalid Amount
ZLM2210032,Invalid Amount
ZLM2210033,Invalid Amount
ZLM2210033,Invalid Amount
ZLM2210034,Invalid Amount
ZLM2210034,Invalid Amount
ZLM2210035,Invalid Amount
ZLM2210035,Invalid Amount
ZLM2210036,Invalid Amount
ZLM2210036,Invalid Amount
ZLM2210037,Invalid Amount
ZLM2210037,Invalid Amount
ZLM2210037,Invalid Amount
ZLM2210038,Invalid Amount
ZLM2210038,Invalid Amount
ZLM2210039,Invalid Amount
ZLM2210039,Invalid Amount
ZLM2210039,Invalid Amount
ZLM2210039,Invalid Amount
ZLM2210040,Invalid Amount
ZLM2210040,Invalid Amount
ZLM2210041,Invalid Amount
ZLM2210041,Invalid Amount
ZLM2210042,Invalid Amount
ZLM2210042,Invalid Amount
ZLM2210043,Invalid Amount
ZLM2210043,Invalid Amount
ZLM2210044,Invalid Amount
ZLM2210044,Invalid Amount
ZLM2210045,Invalid Amount
ZLM2210045,Invalid Amount
ZLM2210046,Invalid Amount
ZLM2210046,Invalid Amount
ZLM2210047,Invalid Amount
ZLM2210047,Invalid Amount
ZLM2210048,Invalid Amount
ZLM2210048,Invalid Amount
ZLM2210048,Invalid Amount
ZLM2210048,Invalid Amount
ZLM2210048,Invalid Amount
ZLM2210048,Invalid Amount
ZLM2210048,Invalid Amount
ZLM2210048,Invalid Amount
ZLM2210049,Invalid Amount
ZLM2210049,Invalid Amount
ZLM2210050,Invalid Amount
ZLM2210050,Invalid Amount
ZLM2210050,Invalid Amount
ZLM2210050,Invalid Amount
ZLM2210050,Invalid Amount
ZLM2210051,Invalid Amount
ZLM2210051,Invalid Amount
ZLM2210052,Invalid Amount
ZLM2210052,Invalid Amount
ZLM2210052,Invalid Amount
ZLM2210052,Invalid Amount
ZLM2210052,Invalid Amount
ZLM2210052,Invalid Amount
ZLM2210052,Invalid Amount
ZLM2210052,Invalid Amount
ZLM2210053,Invalid Amount
ZLM2210053,Invalid Amount
ZLM2210053,Invalid Amount
ZLM2210053,Invalid Amount
ZLM2210053,Invalid Amount
ZLM2210053,Invalid Amount
ZLM2210053,Invalid Amount
ZLM2210053,Invalid Amount
ZLM2210053,Invalid Amount
ZLM2210054,Invalid Amount
ZLM2210054,Invalid Amount
ZLM2210055,Invalid Amount
ZLM2210055,Invalid Amount
ZLM2210056,Invalid Amount
ZLM2210056,Invalid Amount
ZLM2210057,Invalid Amount
ZLM2210057,Invalid Amount
ZLM2210058,Invalid Amount
ZLM2210058,Invalid Amount
ZLM2210058,Invalid Amount
ZLM2210058,Invalid Amount
ZLM2210058,Invalid Amount
ZLM2210059,Invalid Amount
ZLM2210059,Invalid Amount
ZLM2210059,Invalid Amount
ZLM2210060,Invalid Amount
ZLM2210060,Invalid Amount
ZLM2210061,Invalid Amount
ZLM2210061,Invalid Amount
ZLM2210061,Invalid Amount
ZLM2210061,Invalid Amount
ZLM2210062,Invalid Amount
ZLM2210062,Invalid Amount
ZLM2210063,Invalid Amount
ZLM2210063,Invalid Amount
ZLM2210063,Invalid Amount
ZLM2210064,Invalid Amount
ZLM2210064,Invalid Amount
ZLM2210065,Invalid Amount
ZLM2210065,Invalid Amount
ZLM2210066,Invalid Amount
ZLM2210066,Invalid Amount
ZLM2210066,Invalid Amount
ZLM2210066,Invalid Amount
ZLM2210066,Invalid Amount
ZLM2210067,Invalid Amount
ZLM2210067,Invalid Amount
ZLM2210068,Invalid Amount
ZLM2210068,Invalid Amount
ZLM2210069,Invalid Amount
ZLM2210069,Invalid Amount
ZLM2210070,Invalid Amount
ZLM2210070,Invalid Amount
ZLM2210071,Invalid Amount
ZLM2210071,Invalid Amount
ZLM2210072,Invalid Amount
ZLM2210072,Invalid Amount
ZLM2210073,Invalid Amount
ZLM2210073,Invalid Amount
ZLM2210073,Invalid Amount
ZLM2210074,Invalid Amount
ZLM2210074,Invalid Amount
ZLM2210075,Invalid Amount
ZLM2210075,Invalid Amount
ZLM2210076,Invalid Amount
ZLM2210076,Invalid Amount
ZLM2210076,Invalid Amount
ZLM2210077,Invalid Amount
ZLM2210077,Invalid Amount
ZLM2210077,Invalid Amount
ZLM2210078,Invalid Amount
ZLM2210078,Invalid Amount
ZLM2210079,Invalid Amount
ZLM2210079,Invalid Amount
ZLM2210080,Invalid Amount
ZLM2210080,Invalid Amount
ZLM2210081,Invalid Amount
ZLM2210081,Invalid Amount
ZLM2210081,Invalid Amount
ZLM2210081,Invalid Amount
ZLM2210082,Invalid Amount
ZLM2210082,Invalid Amount
ZLM2210082,Invalid Amount
ZLM2210082,Invalid Amount
ZLM2210082,Invalid Amount
ZLM2210083,Invalid Amount
ZLM2210083,Invalid Amount
ZLM2210083,Invalid Amount
ZLM2210084,Invalid Amount
ZLM2210084,Invalid Amount
ZLM2210085,Invalid Amount
ZLM2210085,Invalid Amount
ZLM2210086,Invalid Amount
ZLM2210086,Invalid Amount
ZLM2210087,Invalid Amount
ZLM2210087,Invalid Amount
ZLM2210087,Invalid Amount
ZLM2210087,Invalid Amount
ZLM2210087,Invalid Amount
ZLM2210087,Invalid Amount
ZLM2210088,Invalid Amount
ZLM2210088,Invalid Amount
ZLM2210088,Invalid Amount
ZLM2210089,Invalid Amount
ZLM2210089,Invalid Amount
ZLM2210089,Invalid Amount
ZLM2210089,Invalid Amount
ZLM2210090,Invalid Amount
ZLM2210090,Invalid Amount
ZLM2210090,Invalid Amount
ZLM2210091,Invalid Amount
ZLM2210091,Invalid Amount
ZLM2210092,Invalid Amount
ZLM2210092,Invalid Amount
ZLM2210093,Invalid Amount
ZLM2210093,Invalid Amount
ZLM2210094,Invalid Amount
ZLM2210094,Invalid Amount
ZLM2210095,Invalid Amount
ZLM2210095,Invalid Amount
ZLM2210095,Invalid Amount
ZLM2210096,Invalid Amount
ZLM2210096,Invalid Amount
ZLM2210097,Invalid Amount
ZLM2210097,Invalid Amount
ZLM2210098,Invalid Amount
ZLM2210098,Invalid Amount
ZLM2210099,Invalid Amount
ZLM2210099,Invalid Amount
ZLM2210100,Invalid Amount
ZLM2210100,Invalid Amount
ZLM2210100,Invalid Amount
ZLM2210101,Invalid Amount
ZLM2210101,Invalid Amount
ZLM2210102,Invalid Amount
ZLM2210103,Invalid Amount
ZLM2210103,Invalid Amount
ZLM2210104,Invalid Amount
ZLM2210104,Invalid Amount
ZLM2210104,Invalid Amount
ZLM2210105,Invalid Amount
ZLM2210105,Invalid Amount
ZLM2210106,Invalid Amount
ZLM2210106,Invalid Amount
ZLM2210107,Invalid Amount
ZLM2210107,Invalid Amount
ZLM2210107,Invalid Amount
ZLM2210107,Invalid Amount
ZLM2210107,Invalid Amount
ZLM2210108,Invalid Amount
ZLM2210108,Invalid Amount
ZLM2210109,Invalid Amount
ZLM2210109,Invalid Amount
ZLM2210110,Invalid Amount
ZLM2210110,Invalid Amount
ZLM2210111,Invalid Amount
ZLM2210112,Invalid Amount
ZLM2210112,Invalid Amount
ZLM2210112,Invalid Amount
ZLM2210112,Invalid Amount
ZLM2210112,Invalid Amount
ZLM2210112,Invalid Amount
ZLM2210112,Invalid Amount
ZLM2210112,Invalid Amount
ZLM2210112,Invalid Amount
ZLM2210112,Invalid Amount
ZLM2210112,Invalid Amount
ZLM2210112,Invalid Amount
ZLM2210112,Invalid Amount
ZLM2210113,Invalid Amount
ZLM2210113,Invalid Amount
ZLM2210114,Invalid Amount
ZLM2210114,Invalid Amount
ZLM2210115,Invalid Amount
ZLM2210115,Invalid Amount
ZLM2210116,Invalid Amount
ZLM2210116,Invalid Amount
ZLM2210117,Invalid Amount
ZLM2210117,Invalid Amount
ZLM2210117,Invalid Amount
ZLM2210117,Invalid Amount
ZLM2210118,Invalid Amount
ZLM2210118,Invalid Amount
ZLM2210119,Invalid Amount
ZLM2210119,Invalid Amount
ZLM2210120,Invalid Amount
ZLM2210120,Invalid Amount
ZLM2210121,Invalid Amount
ZLM2210121,Invalid Amount
ZLM2210122,Invalid Amount
ZLM2210122,Invalid Amount
ZLM2210123,Invalid Amount
ZLM2210123,Invalid Amount
ZLM2210124,Invalid Amount
ZLM2210124,Invalid Amount
ZLM2210125,Invalid Amount
ZLM2210125,Invalid Amount
ZLM2210125,Invalid Amount
ZLM2210126,Invalid Amount
ZLM2210126,Invalid Amount
ZLM2210126,Invalid Amount
ZLM2210126,Invalid Amount
ZLM2210127,Invalid Amount
ZLM2210127,Invalid Amount
ZLM2210128,Invalid Amount
ZLM2210128,Invalid Amount
ZLM2210129,Invalid Amount
ZLM2210129,Invalid Amount
ZLM2210130,Invalid Amount
ZLM2210130,Invalid Amount
ZLM2210131,Invalid Amount
ZLM2210131,Invalid Amount
ZLM2210132,Invalid Amount
ZLM2210132,Invalid Amount
ZLM2210133,Invalid Amount
ZLM2210133,Invalid Amount
ZLM2210133,Invalid Amount
ZLM2210134,Invalid Amount
ZLM2210134,Invalid Amount
ZLM2210135,Invalid Amount
ZLM2210135,Invalid Amount
ZLM2210136,Invalid Amount
ZLM2210136,Invalid Amount
ZLM2210137,Invalid Amount
ZLM2210137,Invalid Amount
ZLM2210138,Invalid Amount
ZLM2210138,Invalid Amount
ZLM2210139,Invalid Amount
ZLM2210139,Invalid Amount
ZLM2210140,Invalid Amount
ZLM2210140,Invalid Amount
ZLM2210141,Invalid Amount
ZLM2210141,Invalid Amount
ZLM2210141,Invalid Amount
ZLM2210142,Invalid Amount
ZLM2210142,Invalid Amount
ZLM2210142,Invalid Amount
ZLM2210143,Invalid Amount
ZLM2210143,Invalid Amount
ZLM2210144,Invalid Amount
ZLM2210144,Invalid Amount
ZLM2210144,Invalid Amount
ZLM2210144,Invalid Amount
ZLM2210144,Invalid Amount
ZLM2210145,Invalid Amount
ZLM2210145,Invalid Amount
ZLM2210146,Invalid Amount
ZLM2210146,Invalid Amount
ZLM2210147,Invalid Amount
ZLM2210147,Invalid Amount
ZLM2210148,Invalid Amount
ZLM2210148,Invalid Amount
ZLM2210149,Invalid Amount
ZLM2210149,Invalid Amount
ZLM2210149,Invalid Amount
ZLM2210149,Invalid Amount
ZLM2210150,Invalid Amount
ZLM2210150,Invalid Amount
ZLM2210151,Invalid Amount
ZLM2210151,Invalid Amount
ZLM2210151,Invalid Amount
ZLM2210151,Invalid Amount
ZLM2210151,Invalid Amount
ZLM2210151,Invalid Amount
ZLM2210152,Invalid Amount
ZLM2210152,Invalid Amount
ZLM2210152,Invalid Amount
ZLM2210153,Invalid Amount
ZLM2210153,Invalid Amount
ZLM2210153,Invalid Amount
ZLM2210154,Invalid Amount
ZLM2210154,Invalid Amount
ZLM2210155,Invalid Amount
ZLM2210155,Invalid Amount
ZLM2210156,Invalid Amount
ZLM2210156,Invalid Amount
ZLM2210157,Invalid Amount
ZLM2210157,Invalid Amount
ZLM2210157,Invalid Amount
ZLM2210157,Invalid Amount
ZLM2210157,Invalid Amount
ZLM2210158,Invalid Amount
ZLM2210158,Invalid Amount
ZLM2210159,Invalid Amount
ZLM2210159,Invalid Amount
ZLM2210160,Invalid Amount
ZLM2210160,Invalid Amount
ZLM2210161,Invalid Amount
ZLM2210161,Invalid Amount
ZLM2210162,Invalid Amount
ZLM2210162,Invalid Amount
ZLM2210162,Invalid Amount
ZLM2210162,Invalid Amount
ZLM2210163,Invalid Amount
ZLM2210163,Invalid Amount
ZLM2210164,Invalid Amount
ZLM2210164,Invalid Amount
ZLM2210165,Invalid Amount
ZLM2210165,Invalid Amount
ZLM2210166,Invalid Amount
ZLM2210166,Invalid Amount
ZLM2210167,Invalid Amount
ZLM2210167,Invalid Amount
ZLM2210168,Invalid Amount
ZLM2210168,Invalid Amount
ZLM2210169,Invalid Amount
ZLM2210169,Invalid Amount
ZLM2210170,Invalid Amount
ZLM2210170,Invalid Amount
ZLM2210171,Invalid Amount
ZLM2210171,Invalid Amount
ZLM2210172,Invalid Amount
ZLM2210172,Invalid Amount
ZLM2210173,Invalid Amount
ZLM2210173,Invalid Amount
ZLM2210174,Invalid Amount
ZLM2210174,Invalid Amount
ZLM2210174,Invalid Amount
ZLM2210175,Invalid Amount
ZLM2210175,Invalid Amount
ZLM2210175,Invalid Amount
ZLM2210176,Invalid Amount
ZLM2210176,Invalid Amount
ZLM2210177,Invalid Amount
ZLM2210177,Invalid Amount
ZLM2210178,Invalid Amount
ZLM2210178,Invalid Amount
ZLM2210179,Invalid Amount
ZLM2210179,Invalid Amount
ZLM2210180,Invalid Amount
ZLM2210180,Invalid Amount
ZLM2210181,Invalid Amount
ZLM2210181,Invalid Amount
ZLM2210182,Invalid Amount
ZLM2210182,Invalid Amount
ZLM2210182,Invalid Amount
ZLM2210182,Invalid Amount
ZLM2210182,Invalid Amount
ZLM2210183,Invalid Amount
ZLM2210183,Invalid Amount
ZLM2210183,Invalid Amount
ZLM2210184,Invalid Amount
ZLM2210184,Invalid Amount
ZLM2210185,Invalid Amount
ZLM2210185,Invalid Amount
ZLM2210185,Invalid Amount
ZLM2210186,Invalid Amount
ZLM2210186,Invalid Amount
ZLM2210187,Invalid Amount
ZLM2210187,Invalid Amount
ZLM2210187,Invalid Amount
ZLM2210187,Invalid Amount
ZLM2210187,Invalid Amount
ZLM2210187,Invalid Amount
ZLM2210187,Invalid Amount
ZLM2210188,Invalid Amount
ZLM2210188,Invalid Amount
ZLM2210189,Invalid Amount
ZLM2210189,Invalid Amount
ZLM2210190,Invalid Amount
ZLM2210190,Invalid Amount
ZLM2210190,Invalid Amount
ZLM2210190,Invalid Amount
ZLM2210191,Invalid Amount
ZLM2210191,Invalid Amount
ZLM2210192,Invalid Amount
ZLM2210192,Invalid Amount
ZLM2210193,Invalid Amount
ZLM2210193,Invalid Amount
ZLM2210194,Invalid Amount
ZLM2210194,Invalid Amount
ZLM2210195,Invalid Amount
ZLM2210195,Invalid Amount
ZLM2210195,Invalid Amount
ZLM2210195,Invalid Amount
ZLM2210196,Invalid Amount
ZLM2210196,Invalid Amount
ZLM2210196,Invalid Amount
ZLM2210197,Invalid Amount
ZLM2210197,Invalid Amount
ZLM2210198,Invalid Amount
ZLM2210198,Invalid Amount
ZLM2210199,Invalid Amount
ZLM2210199,Invalid Amount
ZLM2210200,Invalid Amount
ZLM2210200,Invalid Amount
ZLM2210201,Invalid Amount
ZLM2210201,Invalid Amount
ZLM2210201,Invalid Amount
ZLM2210201,Invalid Amount
ZLM2210203,Invalid Amount
ZLM2210203,Invalid Amount
ZLM2210204,Invalid Amount
ZLM2210204,Invalid Amount
ZLM2210205,Invalid Amount
ZLM2210205,Invalid Amount
ZLM2210206,Invalid Amount
ZLM2210206,Invalid Amount
ZLM2210206,Invalid Amount
ZLM2210206,Invalid Amount
ZLM2210206,Invalid Amount
ZLM2210207,Invalid Amount
ZLM2210207,Invalid Amount
ZLM2210207,Invalid Amount
ZLM2210207,Invalid Amount
ZLM2210207,Invalid Amount
ZLM2210208,Invalid Amount
ZLM2210208,Invalid Amount
ZLM2210209,Invalid Amount
ZLM2210209,Invalid Amount
ZLM2210210,Invalid Amount
ZLM2210210,Invalid Amount
ZLM2210211,Invalid Amount
ZLM2210211,Invalid Amount
ZLM2210212,Invalid Amount
ZLM2210212,Invalid Amount
ZLM2210213,Invalid Amount
ZLM2210213,Invalid Amount
ZLM2210214,Invalid Amount
ZLM2210214,Invalid Amount
ZLM2210215,Invalid Amount
ZLM2210215,Invalid Amount
ZLM2210215,Invalid Amount
ZLM2210216,Invalid Amount
ZLM2210216,Invalid Amount
ZLM2210217,Invalid Amount
ZLM2210217,Invalid Amount
ZLM2210217,Invalid Amount
ZLM2210218,Invalid Amount
ZLM2210218,Invalid Amount
ZLM2210219,Invalid Amount
ZLM2210219,Invalid Amount
ZLM2210220,Invalid Amount
ZLM2210220,Invalid Amount
ZLM2210220,Invalid Amount
ZLM2210221,Invalid Amount
ZLM2210221,Invalid Amount
ZLM2210222,Invalid Amount
ZLM2210222,Invalid Amount
ZLM2210223,Invalid Amount
ZLM2210223,Invalid Amount
ZLM2210224,Invalid Amount
ZLM2210224,Invalid Amount
ZLM2210225,Invalid Amount
ZLM2210225,Invalid Amount
ZLM2210226,Invalid Amount
ZLM2210226,Invalid Amount
ZLM2210227,Invalid Amount
ZLM2210227,Invalid Amount
ZLM2210228,Invalid Amount
ZLM2210228,Invalid Amount
ZLM2210229,Invalid Amount
ZLM2210229,Invalid Amount
ZLM2210229,Invalid Amount
ZLM2210229,Invalid Amount
ZLM2210230,Invalid Amount
ZLM2210230,Invalid Amount
ZLM2210230,Invalid Amount
ZLM2210231,Invalid Amount
ZLM2210231,Invalid Amount
ZLM2210231,Invalid Amount
ZLM2210231,Invalid Amount
ZLM2210232,Invalid Amount
ZLM2210232,Invalid Amount
ZLM2210233,Invalid Amount
ZLM2210233,Invalid Amount
ZLM2210234,Invalid Amount
ZLM2210234,Invalid Amount
ZLM2210235,Invalid Amount
ZLM2210235,Invalid Amount
ZLM2210236,Invalid Amount
ZLM2210236,Invalid Amount
ZLM2210237,Invalid Amount
ZLM2210237,Invalid Amount
ZLM2210238,Invalid Amount
ZLM2210238,Invalid Amount
ZLM2210239,Invalid Amount
ZLM2210239,Invalid Amount
ZLM2210240,Invalid Amount
ZLM2210240,Invalid Amount
ZLM2210241,Invalid Amount
ZLM2210241,Invalid Amount
ZLM2210242,Invalid Amount
ZLM2210242,Invalid Amount
ZLM2210243,Invalid Amount
ZLM2210243,Invalid Amount
ZLM2210244,Invalid Amount
ZLM2210244,Invalid Amount
ZLM2210245,Invalid Amount
ZLM2210245,Invalid Amount
ZLM2210245,Invalid Amount
ZLM2210245,Invalid Amount
ZLM2210246,Invalid Amount
ZLM2210246,Invalid Amount
ZLM2210246,Invalid Amount
ZLM2210247,Invalid Amount
ZLM2210247,Invalid Amount
ZLM2210248,Invalid Amount
ZLM2210248,Invalid Amount
ZLM2210248,Invalid Amount
ZLM2210248,Invalid Amount
ZLM2210249,Invalid Amount
ZLM2210249,Invalid Amount
ZLM2210249,Invalid Amount
ZLM2210249,Invalid Amount
ZLM2210250,Invalid Amount
ZLM2210250,Invalid Amount
ZLM2210250,Invalid Amount
ZLM2210250,Invalid Amount
ZLM2210250,Invalid Amount
ZLM2210251,Invalid Amount
ZLM2210251,Invalid Amount
ZLM2210252,Invalid Amount
ZLM2210252,Invalid Amount
ZLM2210253,Invalid Amount
ZLM2210253,Invalid Amount
ZLM2210254,Invalid Amount
ZLM2210254,Invalid Amount
ZLM2210254,Invalid Amount
ZLM2210254,Invalid Amount
ZLM2210254,Invalid Amount
ZLM2210254,Invalid Amount
ZLM2210255,Invalid Amount
ZLM2210255,Invalid Amount
ZLM2210256,Invalid Amount
ZLM2210256,Invalid Amount
ZLM2210257,Invalid Amount
ZLM2210257,Invalid Amount
ZLM2210258,Invalid Amount
ZLM2210258,Invalid Amount
ZLM2210259,Invalid Amount
ZLM2210259,Invalid Amount
ZLM2210260,Invalid Amount
ZLM2210260,Invalid Amount
ZLM2210261,Invalid Amount
ZLM2210261,Invalid Amount
ZLM2210262,Invalid Amount
ZLM2210262,Invalid Amount
ZLM2210262,Invalid Amount
ZLM2210263,Invalid Amount
ZLM2210263,Invalid Amount
ZLM2210263,Invalid Amount
ZLM2210264,Invalid Amount
ZLM2210264,Invalid Amount
ZLM2210264,Invalid Amount
ZLM2210265,Invalid Amount
ZLM2210265,Invalid Amount
ZLM2210266,Invalid Amount
ZLM2210266,Invalid Amount
ZLM2210267,Invalid Amount
ZLM2210267,Invalid Amount
ZLM2210267,Invalid Amount
ZLM2210268,Invalid Amount
ZLM2210268,Invalid Amount
ZLM2210268,Invalid Amount
ZLM2210268,Invalid Amount
ZLM2210269,Invalid Amount
ZLM2210269,Invalid Amount
ZLM2210270,Invalid Amount
ZLM2210270,Invalid Amount
ZLM2210270,Invalid Amount
ZLM2210270,Invalid Amount
ZLM2210270,Invalid Amount
ZLM2210271,Invalid Amount
ZLM2210271,Invalid Amount
ZLM2210271,Invalid Amount
ZLM2210271,Invalid Amount
ZLM2210272,Invalid Amount
ZLM2210272,Invalid Amount
ZLM2210273,Invalid Amount
ZLM2210273,Invalid Amount
ZLM2210274,Invalid Amount
ZLM2210274,Invalid Amount
ZLM2210275,Invalid Amount
ZLM2210275,Invalid Amount
ZLM2210275,Invalid Amount
ZLM2210276,Invalid Amount
ZLM2210276,Invalid Amount
ZLM2210276,Invalid Amount
ZLM2210276,Invalid Amount
ZLM2210276,Invalid Amount
ZLM2210276,Invalid Amount
ZLM2210277,Invalid Amount
ZLM2210277,Invalid Amount
ZLM2210278,Invalid Amount
ZLM2210278,Invalid Amount
ZLM2210279,Invalid Amount
ZLM2210279,Invalid Amount
ZLM2210280,Invalid Amount
ZLM2210280,Invalid Amount
ZLM2210281,Invalid Amount
ZLM2210281,Invalid Amount
ZLM2210282,Invalid Amount
ZLM2210282,Invalid Amount
ZLM2210283,Invalid Amount
ZLM2210283,Invalid Amount
ZLM2210284,Invalid Amount
ZLM2210284,Invalid Amount
ZLM2210285,Invalid Amount
ZLM2210285,Invalid Amount
ZLM2210286,Invalid Amount
ZLM2210286,Invalid Amount
ZLM2210287,Invalid Amount
ZLM2210287,Invalid Amount
ZLM2210287,Invalid Amount
ZLM2210288,Invalid Amount
ZLM2210288,Invalid Amount
ZLM2210289,Invalid Amount
ZLM2210289,Invalid Amount
ZLM2210290,Invalid Amount
ZLM2210290,Invalid Amount
ZLM2210290,Invalid Amount
ZLM2210290,Invalid Amount
ZLM2210291,Invalid Amount
ZLM2210291,Invalid Amount
ZLM2210292,Invalid Amount
ZLM2210292,Invalid Amount
ZLM2210292,Invalid Amount
ZLM2210293,Invalid Amount
ZLM2210293,Invalid Amount
ZLM2210294,Invalid Amount
ZLM2210294,Invalid Amount
ZLM2210294,Invalid Amount
ZLM2210295,Invalid Amount
ZLM2210295,Invalid Amount
ZLM2210295,Invalid Amount
ZLM2210295,Invalid Amount
ZLM2210296,Invalid Amount
ZLM2210296,Invalid Amount
ZLM2210296,Invalid Amount
ZLM2210297,Invalid Amount
ZLM2210297,Invalid Amount
ZLM2210298,Invalid Amount
ZLM2210298,Invalid Amount
ZLM2210299,Invalid Amount
ZLM2210299,Invalid Amount
ZLM2210300,Invalid Amount
ZLM2210300,Invalid Amount
ZLM2210301,Invalid Amount
ZLM2210301,Invalid Amount
ZLM2210302,Invalid Amount
ZLM2210302,Invalid Amount
ZLM2210303,Invalid Amount
ZLM2210303,Invalid Amount
ZLM2210304,Invalid Amount
ZLM2210304,Invalid Amount
ZLM2210305,Invalid Amount
ZLM2210305,Invalid Amount
ZLM2210306,Invalid Amount
ZLM2210306,Invalid Amount
ZLM2210307,Invalid Amount
ZLM2210307,Invalid Amount
ZLM2210307,Invalid Amount
ZLM2210308,Invalid Amount
ZLM2210308,Invalid Amount
ZLM2210309,Invalid Amount
ZLM2210309,Invalid Amount
ZLM2210310,Invalid Amount
ZLM2210310,Invalid Amount
ZLM2210311,Invalid Amount
ZLM2210311,Invalid Amount
ZLM2210312,Invalid Amount
ZLM2210312,Invalid Amount
ZLM2210313,Invalid Amount
ZLM2210313,Invalid Amount
ZLM2210314,Invalid Amount
ZLM2210314,Invalid Amount
ZLM2210315,Invalid Amount
ZLM2210315,Invalid Amount
ZLM2210315,Invalid Amount
ZLM2210315,Invalid Amount
ZLM2210316,Invalid Amount
ZLM2210316,Invalid Amount
ZLM2210317,Invalid Amount
ZLM2210317,Invalid Amount
ZLM2210318,Invalid Amount
ZLM2210318,Invalid Amount
ZLM2210319,Invalid Amount
ZLM2210319,Invalid Amount
ZLM2210320,Invalid Amount
ZLM2210320,Invalid Amount
ZLM2210321,Invalid Amount
ZLM2210321,Invalid Amount
ZLM2210322,Invalid Amount
ZLM2210322,Invalid Amount
ZLM2210322,Invalid Amount
ZLM2210322,Invalid Amount
ZLM2210322,Invalid Amount
ZLM2210323,Invalid Amount
ZLM2210323,Invalid Amount
ZLM2210324,Invalid Amount
ZLM2210324,Invalid Amount
ZLM2210325,Invalid Amount
ZLM2210325,Invalid Amount
ZLM2210326,Invalid Amount
ZLM2210326,Invalid Amount
ZLM2210327,Invalid Amount
ZLM2210327,Invalid Amount
ZLM2210328,Invalid Amount
ZLM2210328,Invalid Amount
ZLM2210329,Invalid Amount
ZLM2210329,Invalid Amount
ZLM2210329,Invalid Amount
ZLM2210330,Invalid Amount
ZLM2210330,Invalid Amount
ZLM2210331,Invalid Amount
ZLM2210331,Invalid Amount
ZLM2210332,Invalid Amount
ZLM2210332,Invalid Amount
ZLM2210333,Invalid Amount
ZLM2210333,Invalid Amount
ZLM2210334,Invalid Amount
ZLM2210334,Invalid Amount
ZLM2210334,Invalid Amount
ZLM2210335,Invalid Amount
ZLM2210335,Invalid Amount
ZLM2210335,Invalid Amount
ZLM2210336,Invalid Amount
ZLM2210336,Invalid Amount
ZLM2210337,Invalid Amount
ZLM2210337,Invalid Amount
ZLM2210338,Invalid Amount
ZLM2210338,Invalid Amount
ZLM2210339,Invalid Amount
ZLM2210339,Invalid Amount
ZLM2210340,Invalid Amount
ZLM2210340,Invalid Amount
ZLM2210341,Invalid Amount
ZLM2210341,Invalid Amount
ZLM2210341,Invalid Amount
ZLM2210341,Invalid Amount
ZLM2210342,Invalid Amount
ZLM2210342,Invalid Amount
ZLM2210343,Invalid Amount
ZLM2210343,Invalid Amount
ZLM2210343,Invalid Amount
ZLM2210344,Invalid Amount
ZLM2210344,Invalid Amount
ZLM2210345,Invalid Amount
ZLM2210345,Invalid Amount
ZLM2210345,Invalid Amount
ZLM2210346,Invalid Amount
ZLM2210346,Invalid Amount
ZLM2210347,Invalid Amount
ZLM2210347,Invalid Amount
ZLM2210348,Invalid Amount
ZLM2210348,Invalid Amount
ZLM2210348,Invalid Amount
ZLM2210348,Invalid Amount
ZLM2210348,Invalid Amount
ZLM2210349,Invalid Amount
ZLM2210349,Invalid Amount
ZLM2210350,Invalid Amount
ZLM2210350,Invalid Amount
ZLM2210351,Invalid Amount
ZLM2210351,Invalid Amount
ZLM2210352,Invalid Amount
ZLM2210352,Invalid Amount
ZLM2210352,Invalid Amount
ZLM2210353,Invalid Amount
ZLM2210353,Invalid Amount
ZLM2210353,Invalid Amount
ZLM2210354,Invalid Amount
ZLM2210354,Invalid Amount
ZLM2210355,Invalid Amount
ZLM2210355,Invalid Amount
ZLM2210356,Invalid Amount
ZLM2210356,Invalid Amount
ZLM2210357,Invalid Amount
ZLM2210357,Invalid Amount
ZLM2210358,Invalid Amount
ZLM2210358,Invalid Amount
ZLM2210359,Invalid Amount
ZLM2210359,Invalid Amount
ZLM2210360,Invalid Amount
ZLM2210360,Invalid Amount
ZLM2210360,Invalid Amount
ZLM2210360,Invalid Amount
ZLM2210361,Invalid Amount
ZLM2210361,Invalid Amount
ZLM2210362,Invalid Amount
ZLM2210362,Invalid Amount
ZLM2210363,Invalid Amount
ZLM2210363,Invalid Amount
ZLM2210363,Invalid Amount
ZLM2210363,Invalid Amount
ZLM2210364,Invalid Amount
ZLM2210364,Invalid Amount
ZLM2210365,Invalid Amount
ZLM2210365,Invalid Amount
ZLM2210366,Invalid Amount
ZLM2210366,Invalid Amount
ZLM2210367,Invalid Amount
ZLM2210367,Invalid Amount
ZLM2210368,Invalid Amount
ZLM2210368,Invalid Amount
ZLM2210369,Invalid Amount
ZLM2210369,Invalid Amount
ZLM2210370,Invalid Amount
ZLM2210370,Invalid Amount
ZLM2210371,Invalid Amount
ZLM2210371,Invalid Amount
ZLM2210372,Invalid Amount
ZLM2210372,Invalid Amount
ZLM2210372,Invalid Amount
ZLM2210373,Invalid Amount
ZLM2210373,Invalid Amount
ZLM2210374,Invalid Amount
ZLM2210374,Invalid Amount
ZLM2210375,Invalid Amount
ZLM2210375,Invalid Amount
ZLM2210375,Invalid Amount
ZLM2210376,Invalid Amount
ZLM2210376,Invalid Amount
ZLM2210376,Invalid Amount
ZLM2210377,Invalid Amount
ZLM2210377,Invalid Amount
ZLM2210377,Invalid Amount
ZLM2210377,Invalid Amount
ZLM2210378,Invalid Amount
ZLM2210378,Invalid Amount
ZLM2210379,Invalid Amount
ZLM2210379,Invalid Amount
ZLM2210380,Invalid Amount
ZLM2210380,Invalid Amount
ZLM2210381,Invalid Amount
ZLM2210381,Invalid Amount
ZLM2210381,Invalid Amount
ZLM2210382,Invalid Amount
ZLM2210382,Invalid Amount
ZLM2210383,Invalid Amount
ZLM2210383,Invalid Amount
ZLM2210383,Invalid Amount
ZLM2210384,Invalid Amount
ZLM2210384,Invalid Amount
ZLM2210385,Invalid Amount
ZLM2210385,Invalid Amount
ZLM2210385,Invalid Amount
ZLM2210385,Invalid Amount
ZLM2210385,Invalid Amount
ZLM2210385,Invalid Amount
ZLM2210385,Invalid Amount
ZLM2210385,Invalid Amount
ZLM2210386,Invalid Amount
ZLM2210386,Invalid Amount
ZLM2210386,Invalid Amount
ZLM2210387,Invalid Amount
ZLM2210387,Invalid Amount
ZLM2210388,Invalid Amount
ZLM2210388,Invalid Amount
ZLM2210389,Invalid Amount
ZLM2210389,Invalid Amount
ZLM2210390,Invalid Amount
ZLM2210390,Invalid Amount
ZLM2210391,Invalid Amount
ZLM2210391,Invalid Amount
ZLM2210392,Invalid Amount
ZLM2210392,Invalid Amount
ZLM2210392,Invalid Amount
ZLM2210392,Invalid Amount
ZLM2210392,Invalid Amount
ZLM2210392,Invalid Amount
ZLM2210392,Invalid Amount
ZLM2210393,Invalid Amount
ZLM2210393,Invalid Amount
ZLM2210394,Invalid Amount
ZLM2210394,Invalid Amount
ZLM2210395,Invalid Amount
ZLM2210395,Invalid Amount
ZLM2210396,Invalid Amount
ZLM2210396,Invalid Amount
ZLM2210396,Invalid Amount
ZLM2210396,Invalid Amount
ZLM2210396,Invalid Amount
ZLM2210397,Invalid Amount
ZLM2210397,Invalid Amount
ZLM2210397,Invalid Amount
ZLM2210398,Invalid Amount
ZLM2210398,Invalid Amount
ZLM2210399,Invalid Amount
ZLM2210399,Invalid Amount
ZLM2210399,Invalid Amount
ZLM2210400,Invalid Amount
ZLM2210400,Invalid Amount
ZLM2210401,Invalid Amount
ZLM2210401,Invalid Amount
ZLM2210401,Invalid Amount
ZLM2210402,Invalid Amount
ZLM2210402,Invalid Amount
ZLM2210402,Invalid Amount
ZLM2210403,Invalid Amount
ZLM2210403,Invalid Amount
ZLM2210404,Invalid Amount
ZLM2210404,Invalid Amount
ZLM2210405,Invalid Amount
ZLM2210405,Invalid Amount
ZLM2210406,Invalid Amount
ZLM2210406,Invalid Amount
ZLM2210407,Invalid Amount
ZLM2210407,Invalid Amount
ZLM2210408,Invalid Amount
ZLM2210408,Invalid Amount
ZLM2210409,Invalid Amount
ZLM2210409,Invalid Amount
ZLM2210410,Invalid Amount
ZLM2210410,Invalid Amount
ZLM2210411,Invalid Amount
ZLM2210411,Invalid Amount
ZLM2210412,Invalid Amount
ZLM2210412,Invalid Amount
ZLM2210412,Invalid Amount
ZLM2210412,Invalid Amount
ZLM2210413,Invalid Amount
ZLM2210413,Invalid Amount
ZLM2210413,Invalid Amount
ZLM2210413,Invalid Amount
ZLM2210413,Invalid Amount
ZLM2210414,Invalid Amount
ZLM2210414,Invalid Amount
ZLM2210414,Invalid Amount
ZLM2210414,Invalid Amount
ZLM2210415,Invalid Amount
ZLM2210415,Invalid Amount
ZLM2210416,Invalid Amount
ZLM2210416,Invalid Amount
ZLM2210416,Invalid Amount
ZLM2210417,Invalid Amount
ZLM2210417,Invalid Amount
ZLM2210418,Invalid Amount
ZLM2210418,Invalid Amount
ZLM2210419,Invalid Amount
ZLM2210419,Invalid Amount
ZLM2210420,Invalid Amount
ZLM2210420,Invalid Amount
ZLM2210420,Invalid Amount
ZLM2210421,Invalid Amount
ZLM2210421,Invalid Amount
ZLM2210422,Invalid Amount
ZLM2210422,Invalid Amount
ZLM2210423,Invalid Amount
ZLM2210423,Invalid Amount
ZLM2210423,Invalid Amount
ZLM2210424,Invalid Amount
ZLM2210424,Invalid Amount
ZLM2210424,Invalid Amount
ZLM2210425,Invalid Amount
ZLM2210425,Invalid Amount
ZLM2210426,Invalid Amount
ZLM2210426,Invalid Amount
ZLM2210427,Invalid Amount
ZLM2210427,Invalid Amount
ZLM2210427,Invalid Amount
ZLM2210428,Invalid Amount
ZLM2210428,Invalid Amount
ZLM2210428,Invalid Amount
ZLM2210429,Invalid Amount
ZLM2210429,Invalid Amount
ZLM2210430,Invalid Amount
ZLM2210430,Invalid Amount
ZLM2210431,Invalid Amount
ZLM2210431,Invalid Amount
ZLM2210432,Invalid Amount
ZLM2210432,Invalid Amount
ZLM2210433,Invalid Amount
ZLM2210433,Invalid Amount
ZLM2210433,Invalid Amount
ZLM2210434,Invalid Amount
ZLM2210434,Invalid Amount
ZLM2210434,Invalid Amount
ZLM2210434,Invalid Amount
ZLM2210435,Invalid Amount
ZLM2210435,Invalid Amount
ZLM2210436,Invalid Amount
ZLM2210436,Invalid Amount
ZLM2210437,Invalid Amount
ZLM2210437,Invalid Amount
ZLM2210438,Invalid Amount
ZLM2210438,Invalid Amount
ZLM2210439,Invalid Amount
ZLM2210439,Invalid Amount
ZLM2210439,Invalid Amount
ZLM2210439,Invalid Amount
ZLM2210439,Invalid Amount
ZLM2210439,Invalid Amount
ZLM2210439,Invalid Amount
ZLM2210440,Invalid Amount
ZLM2210440,Invalid Amount
ZLM2210441,Invalid Amount
ZLM2210441,Invalid Amount
ZLM2210442,Invalid Amount
ZLM2210442,Invalid Amount
ZLM2210442,Invalid Amount
ZLM2210443,Invalid Amount
ZLM2210443,Invalid Amount
ZLM2210443,Invalid Amount
ZLM2210443,Invalid Amount
ZLM2210444,Invalid Amount
ZLM2210444,Invalid Amount
ZLM2210445,Invalid Amount
ZLM2210445,Invalid Amount
ZLM2210446,Invalid Amount
ZLM2210446,Invalid Amount
ZLM2210447,Invalid Amount
ZLM2210447,Invalid Amount
ZLM2210448,Invalid Amount
ZLM2210448,Invalid Amount
ZLM2210448,Invalid Amount
ZLM2210449,Invalid Amount
ZLM2210449,Invalid Amount
ZLM2210450,Invalid Amount
ZLM2210450,Invalid Amount
ZLM2210451,Invalid Amount
ZLM2210451,Invalid Amount
ZLM2210452,Invalid Amount
ZLM2210452,Invalid Amount
ZLM2210453,Invalid Amount
ZLM2210453,Invalid Amount
ZLM2210454,Invalid Amount
ZLM2210454,Invalid Amount
ZLM2210454,Invalid Amount
ZLM2210454,Invalid Amount
ZLM2210455,Invalid Amount
ZLM2210455,Invalid Amount
ZLM2210456,Invalid Amount
ZLM2210456,Invalid Amount
ZLM2210457,Invalid Amount
ZLM2210457,Invalid Amount
ZLM2210458,Invalid Amount
ZLM2210458,Invalid Amount
ZLM2210459,Invalid Amount
ZLM2210459,Invalid Amount
ZLM2210460,Invalid Amount
ZLM2210460,Invalid Amount
ZLM2210461,Invalid Amount
ZLM2210461,Invalid Amount
ZLM2210462,Invalid Amount
ZLM2210462,Invalid Amount
ZLM2210463,Invalid Amount
ZLM2210463,Invalid Amount
ZLM2210464,Invalid Amount
ZLM2210464,Invalid Amount
ZLM2210465,Invalid Amount
ZLM2210465,Invalid Amount
ZLM2210466,Invalid Amount
ZLM2210466,Invalid Amount
ZLM2210466,Invalid Amount
ZLM2210466,Invalid Amount
ZLM2210467,Invalid Amount
ZLM2210467,Invalid Amount
ZLM2210468,Invalid Amount
ZLM2210468,Invalid Amount
ZLM2210469,Invalid Amount
ZLM2210469,Invalid Amount
ZLM2210469,Invalid Amount
ZLM2210469,Invalid Amount
ZLM2210469,Invalid Amount
ZLM2210470,Invalid Amount
ZLM2210470,Invalid Amount
ZLM2210471,Invalid Amount
ZLM2210471,Invalid Amount
ZLM2210472,Invalid Amount
ZLM2210472,Invalid Amount
ZLM2210473,Invalid Amount
ZLM2210473,Invalid Amount
ZLM2210474,Invalid Amount
ZLM2210474,Invalid Amount
ZLM2210475,Invalid Amount
ZLM2210475,Invalid Amount
ZLM2210476,Invalid Amount
ZLM2210476,Invalid Amount
ZLM2210477,Invalid Amount
ZLM2210477,Invalid Amount
ZLM2210478,Invalid Amount
ZLM2210478,Invalid Amount
ZLM2210479,Invalid Amount
ZLM2210479,Invalid Amount
ZLM2210479,Invalid Amount
ZLM2210479,Invalid Amount
ZLM2210480,Invalid Amount
ZLM2210480,Invalid Amount
ZLM2210481,Invalid Amount
ZLM2210481,Invalid Amount
ZLM2210481,Invalid Amount
ZLM2210482,Invalid Amount
ZLM2210482,Invalid Amount
ZLM2210483,Invalid Amount
ZLM2210483,Invalid Amount
ZLM2210484,Invalid Amount
ZLM2210484,Invalid Amount
ZLM2210485,Invalid Amount
ZLM2210485,Invalid Amount
ZLM2210485,Invalid Amount
ZLM2210485,Invalid Amount
ZLM2210486,Invalid Amount
ZLM2210486,Invalid Amount
ZLM2210487,Invalid Amount
ZLM2210487,Invalid Amount
ZLM2210487,Invalid Amount
ZLM2210487,Invalid Amount
ZLM2210487,Invalid Amount
ZLM2210487,Invalid Amount
ZLM2210487,Invalid Amount
ZLM2210488,Invalid Amount
ZLM2210488,Invalid Amount
ZLM2210489,Invalid Amount
ZLM2210489,Invalid Amount
ZLM2210489,Invalid Amount
ZLM2210489,Invalid Amount
ZLM2210490,Invalid Amount
ZLM2210490,Invalid Amount
ZLM2210490,Invalid Amount
ZLM2210491,Invalid Amount
ZLM2210491,Invalid Amount
ZLM2210492,Invalid Amount
ZLM2210492,Invalid Amount
ZLM2210493,Invalid Amount
ZLM2210493,Invalid Amount
ZLM2210494,Invalid Amount
ZLM2210494,Invalid Amount
ZLM2210494,Invalid Amount
ZLM2210495,Invalid Amount
ZLM2210495,Invalid Amount
ZLM2210496,Invalid Amount
ZLM2210496,Invalid Amount
ZLM2210497,Invalid Amount
ZLM2210497,Invalid Amount
ZLM2210497,Invalid Amount
ZLM2210498,Invalid Amount
ZLM2210498,Invalid Amount
ZLM2210499,Invalid Amount
ZLM2210499,Invalid Amount
ZLM2210500,Invalid Amount
ZLM2210500,Invalid Amount
ZLM2210501,Invalid Amount
ZLM2210501,Invalid Amount
ZLM2210501,Invalid Amount
ZLM2210501,Invalid Amount
ZLM2210501,Invalid Amount
ZLM2210501,Invalid Amount
ZLM2210501,Invalid Amount
ZLM2210501,Invalid Amount
ZLM2210502,Invalid Amount
ZLM2210502,Invalid Amount
ZLM2210503,Invalid Amount
ZLM2210503,Invalid Amount
ZLM2210504,Invalid Amount
ZLM2210504,Invalid Amount
ZLM2210505,Invalid Amount
ZLM2210505,Invalid Amount
ZLM2210506,Invalid Amount
ZLM2210506,Invalid Amount
ZLM2210507,Invalid Amount
ZLM2210507,Invalid Amount
ZLM2210507,Invalid Amount
ZLM2210507,Invalid Amount
ZLM2210507,Invalid Amount
ZLM2210507,Invalid Amount
ZLM2210508,Invalid Amount
ZLM2210508,Invalid Amount
ZLM2210508,Invalid Amount
ZLM2210509,Invalid Amount
ZLM2210509,Invalid Amount
ZLM2210510,Invalid Amount
ZLM2210510,Invalid Amount
ZLM2210511,Invalid Amount
ZLM2210511,Invalid Amount
ZLM2210511,Invalid Amount
ZLM2210512,Invalid Amount
ZLM2210512,Invalid Amount
ZLM2210513,Invalid Amount
ZLM2210513,Invalid Amount
ZLM2210514,Invalid Amount
ZLM2210514,Invalid Amount
ZLM2210515,Invalid Amount
ZLM2210515,Invalid Amount
ZLM2210516,Invalid Amount
ZLM2210516,Invalid Amount
ZLM2210516,Invalid Amount
ZLM2210517,Invalid Amount
ZLM2210517,Invalid Amount
ZLM2210517,Invalid Amount
ZLM2210518,Invalid Amount
ZLM2210518,Invalid Amount
ZLM2210519,Invalid Amount
ZLM2210519,Invalid Amount
ZLM2210520,Invalid Amount
ZLM2210520,Invalid Amount
ZLM2210520,Invalid Amount
ZLM2210520,Invalid Amount
ZLM2210521,Invalid Amount
ZLM2210521,Invalid Amount
ZLM2210522,Invalid Amount
ZLM2210522,Invalid Amount
ZLM2210523,Invalid Amount
ZLM2210523,Invalid Amount
ZLM2210524,Invalid Amount
ZLM2210524,Invalid Amount
ZLM2210524,Invalid Amount
ZLM2210524,Invalid Amount
ZLM2210524,Invalid Amount
ZLM2210525,Invalid Amount
ZLM2210525,Invalid Amount
ZLM2210526,Invalid Amount
ZLM2210526,Invalid Amount
ZLM2210527,Invalid Amount
ZLM2210527,Invalid Amount
ZLM2210528,Invalid Amount
ZLM2210528,Invalid Amount
ZLM2210529,Invalid Amount
ZLM2210529,Invalid Amount
ZLM2210530,Invalid Amount
ZLM2210530,Invalid Amount
ZLM2210531,Invalid Amount
ZLM2210531,Invalid Amount
ZLM2210532,Invalid Amount
ZLM2210532,Invalid Amount
ZLM2210533,Invalid Amount
ZLM2210533,Invalid Amount
ZLM2210533,Invalid Amount
ZLM2210534,Invalid Amount
ZLM2210534,Invalid Amount
ZLM2210534,Invalid Amount
ZLM2210534,Invalid Amount
ZLM2210534,Invalid Amount
ZLM2210534,Invalid Amount
ZLM2210535,Invalid Amount
ZLM2210535,Invalid Amount
ZLM2210536,Invalid Amount
ZLM2210536,Invalid Amount
ZLM2210537,Invalid Amount
ZLM2210537,Invalid Amount
ZLM2210538,Invalid Amount
ZLM2210538,Invalid Amount
ZLM2210539,Invalid Amount
ZLM2210539,Invalid Amount
ZLM2210539,Invalid Amount
ZLM2210540,Invalid Amount
ZLM2210540,Invalid Amount
ZLM2210540,Invalid Amount
ZLM2210541,Invalid Amount
ZLM2210541,Invalid Amount
ZLM2210541,Invalid Amount
ZLM2210541,Invalid Amount
ZLM2210541,Invalid Amount
ZLM2210541,Invalid Amount
ZLM2210542,Invalid Amount
ZLM2210542,Invalid Amount
ZLM2210543,Invalid Amount
ZLM2210543,Invalid Amount
ZLM2210544,Invalid Amount
ZLM2210544,Invalid Amount
ZLM2210545,Invalid Amount
ZLM2210545,Invalid Amount
ZLM2210545,Invalid Amount
ZLM2210546,Invalid Amount
ZLM2210546,Invalid Amount
ZLM2210547,Invalid Amount
ZLM2210547,Invalid Amount
ZLM2210548,Invalid Amount
ZLM2210548,Invalid Amount
ZLM2210548,Invalid Amount
ZLM2210548,Invalid Amount
ZLM2210549,Invalid Amount
ZLM2210549,Invalid Amount
ZLM2210550,Invalid Amount
ZLM2210550,Invalid Amount
ZLM2210551,Invalid Amount
ZLM2210551,Invalid Amount
ZLM2210552,Invalid Amount
ZLM2210552,Invalid Amount
ZLM2210553,Invalid Amount
ZLM2210553,Invalid Amount
ZLM2210554,Invalid Amount
ZLM2210554,Invalid Amount
ZLM2210555,Invalid Amount
ZLM2210555,Invalid Amount
ZLM2210556,Invalid Amount
ZLM2210556,Invalid Amount
ZLM2210557,Invalid Amount
ZLM2210557,Invalid Amount
ZLM2210558,Invalid Amount
ZLM2210558,Invalid Amount
ZLM2210558,Invalid Amount
ZLM2210559,Invalid Amount
ZLM2210559,Invalid Amount
ZLM2210560,Invalid Amount
ZLM2210560,Invalid Amount
ZLM2210561,Invalid Amount
ZLM2210561,Invalid Amount
ZLM2210562,Invalid Amount
ZLM2210562,Invalid Amount
ZLM2210563,Invalid Amount
ZLM2210563,Invalid Amount
ZLM2210564,Invalid Amount
ZLM2210564,Invalid Amount
ZLM2210565,Invalid Amount
ZLM2210566,Invalid Amount
ZLM2210566,Invalid Amount
ZLM2210567,Invalid Amount
ZLM2210567,Invalid Amount
ZLM2210568,Invalid Amount
ZLM2210568,Invalid Amount
ZLM2210569,Invalid Amount
ZLM2210569,Invalid Amount
ZLM2210570,Invalid Amount
ZLM2210570,Invalid Amount
ZLM2210571,Invalid Amount
ZLM2210571,Invalid Amount
ZLM2210572,Invalid Amount
ZLM2210572,Invalid Amount
ZLM2210573,Invalid Amount
ZLM2210573,Invalid Amount
ZLM2210574,Invalid Amount
ZLM2210574,Invalid Amount
ZLM2210575,Invalid Amount
ZLM2210575,Invalid Amount
ZLM2210576,Invalid Amount
ZLM2210576,Invalid Amount
ZLM2210577,Invalid Amount
ZLM2210577,Invalid Amount
ZLM2210578,Invalid Amount
ZLM2210578,Invalid Amount
ZLM2210579,Invalid Amount
ZLM2210579,Invalid Amount
ZLM2210580,Invalid Amount
ZLM2210580,Invalid Amount
ZLM2210581,Invalid Amount
ZLM2210581,Invalid Amount
ZLM2210581,Invalid Amount
ZLM2210581,Invalid Amount
ZLM2210581,Invalid Amount
ZLM2210582,Invalid Amount
ZLM2210582,Invalid Amount
ZLM2210583,Invalid Amount
ZLM2210583,Invalid Amount
ZLM2210584,Invalid Amount
ZLM2210584,Invalid Amount
ZLM2210585,Invalid Amount
ZLM2210585,Invalid Amount
ZLM2210586,Invalid Amount
ZLM2210586,Invalid Amount
ZLM2210587,Invalid Amount
ZLM2210587,Invalid Amount
ZLM2210588,Invalid Amount
ZLM2210588,Invalid Amount
ZLM2210589,Invalid Amount
ZLM2210589,Invalid Amount
ZLM2210590,Invalid Amount
ZLM2210590,Invalid Amount
ZLM2210591,Invalid Amount
ZLM2210591,Invalid Amount
ZLM2210592,Invalid Amount
ZLM2210592,Invalid Amount
ZLM2210593,Invalid Amount
ZLM2210593,Invalid Amount
ZLM2210594,Invalid Amount
ZLM2210594,Invalid Amount
ZLM2210595,Invalid Amount
ZLM2210595,Invalid Amount
ZLM2210596,Invalid Amount
ZLM2210596,Invalid Amount
ZLM2210597,Invalid Amount
ZLM2210597,Invalid Amount
ZLM2210597,Invalid Amount
ZLM2210598,Invalid Amount
ZLM2210598,Invalid Amount
ZLM2210599,Invalid Amount
ZLM2210599,Invalid Amount
ZLM2210600,Invalid Amount
ZLM2210600,Invalid Amount
ZLM2210600,Invalid Amount
ZLM2210600,Invalid Amount
ZLM2210601,Invalid Amount
ZLM2210601,Invalid Amount
ZLM2210602,Invalid Amount
ZLM2210602,Invalid Amount
ZLM2210603,Invalid Amount
ZLM2210603,Invalid Amount
ZLM2210604,Invalid Amount
ZLM2210604,Invalid Amount
ZLM2210605,Invalid Amount
ZLM2210605,Invalid Amount
ZLM2210605,Invalid Amount
ZLM2210605,Invalid Amount
ZLM2210606,Invalid Amount
ZLM2210606,Invalid Amount
ZLM2210607,Invalid Amount
ZLM2210607,Invalid Amount
ZLM2210608,Invalid Amount
ZLM2210608,Invalid Amount
ZLM2210609,Invalid Amount
ZLM2210609,Invalid Amount
ZLM2210610,Invalid Amount
ZLM2210610,Invalid Amount
ZLM2210611,Invalid Amount
ZLM2210611,Invalid Amount
ZLM2210611,Invalid Amount
ZLM2210611,Invalid Amount
ZLM2210611,Invalid Amount
ZLM2210612,Invalid Amount
ZLM2210612,Invalid Amount
ZLM2210613,Invalid Amount
ZLM2210613,Invalid Amount
ZLM2210614,Invalid Amount
ZLM2210614,Invalid Amount
ZLM2210615,Invalid Amount
ZLM2210615,Invalid Amount
ZLM2210616,Invalid Amount
ZLM2210616,Invalid Amount
ZLM2210617,Invalid Amount
ZLM2210617,Invalid Amount
ZLM2210618,Invalid Amount
ZLM2210618,Invalid Amount
ZLM2210619,Invalid Amount
ZLM2210619,Invalid Amount
ZLM2210620,Invalid Amount
ZLM2210620,Invalid Amount
ZLM2210621,Invalid Amount
ZLM2210622,Invalid Amount
ZLM2210622,Invalid Amount
ZLM2210624,Invalid Amount
ZLM2210624,Invalid Amount
ZLM2210625,Invalid Amount
ZLM2210625,Invalid Amount
ZLM2210626,Invalid Amount
ZLM2210626,Invalid Amount
ZLM2210627,Invalid Amount
ZLM2210627,Invalid Amount
ZLM2210628,Invalid Amount
ZLM2210628,Invalid Amount
ZLM2210629,Invalid Amount
ZLM2210629,Invalid Amount
ZLM2210630,Invalid Amount
ZLM2210630,Invalid Amount
ZLM2210631,Invalid Amount
ZLM2210631,Invalid Amount
ZLM2210632,Invalid Amount
ZLM2210632,Invalid Amount
ZLM2210633,Invalid Amount
ZLM2210633,Invalid Amount
ZLM2210634,Invalid Amount
ZLM2210634,Invalid Amount
ZLM2210635,Invalid Amount
ZLM2210635,Invalid Amount
ZLM2210636,Invalid Amount
ZLM2210636,Invalid Amount
ZLM2210637,Invalid Amount
ZLM2210637,Invalid Amount
ZLM2210638,Invalid Amount
ZLM2210638,Invalid Amount
ZLM2210639,Invalid Amount
ZLM2210639,Invalid Amount
ZLM2210640,Invalid Amount
ZLM2210640,Invalid Amount
ZLM2210641,Invalid Amount
ZLM2210641,Invalid Amount
ZLM2210641,Invalid Amount
ZLM2210642,Invalid Amount
ZLM2210642,Invalid Amount
ZLM2210643,Invalid Amount
ZLM2210643,Invalid Amount
ZLM2210644,Invalid Amount
ZLM2210644,Invalid Amount
ZLM2210645,Invalid Amount
ZLM2210645,Invalid Amount
ZLM2210646,Invalid Amount
ZLM2210646,Invalid Amount
ZLM2210647,Invalid Amount
ZLM2210647,Invalid Amount
ZLM2210648,Invalid Amount
ZLM2210648,Invalid Amount
ZLM2210649,Invalid Amount
ZLM2210649,Invalid Amount
ZLM2210650,Invalid Amount
ZLM2210650,Invalid Amount
ZLM2210651,Invalid Amount
ZLM2210651,Invalid Amount
ZLM2210652,Invalid Amount
ZLM2210652,Invalid Amount
ZLM2210653,Invalid Amount
ZLM2210653,Invalid Amount
ZLM2210653,Invalid Amount
ZLM2210654,Invalid Amount
ZLM2210654,Invalid Amount
ZLM2210655,Invalid Amount
ZLM2210655,Invalid Amount
ZLM2210656,Invalid Amount
ZLM2210656,Invalid Amount
ZLM2210657,Invalid Amount
ZLM2210657,Invalid Amount
ZLM2210658,Invalid Amount
ZLM2210658,Invalid Amount
ZLM2210659,Invalid Amount
ZLM2210659,Invalid Amount
ZLM2210660,Invalid Amount
ZLM2210660,Invalid Amount
ZLM2210661,Invalid Amount
ZLM2210661,Invalid Amount
ZLM2210662,Invalid Amount
ZLM2210662,Invalid Amount
ZLM2210663,Invalid Amount
ZLM2210663,Invalid Amount
ZLM2210664,Invalid Amount
ZLM2210664,Invalid Amount
ZLM2210665,Invalid Amount
ZLM2210665,Invalid Amount
ZLM2210666,Invalid Amount
ZLM2210666,Invalid Amount
ZLM2210667,Invalid Amount
ZLM2210667,Invalid Amount
ZLM2210667,Invalid Amount
ZLM2210668,Invalid Amount
ZLM2210668,Invalid Amount
ZLM2210669,Invalid Amount
ZLM2210669,Invalid Amount
ZLM2210670,Invalid Amount
ZLM2210670,Invalid Amount
ZLM2210671,Invalid Amount
ZLM2210671,Invalid Amount
ZLM2210672,Invalid Amount
ZLM2210672,Invalid Amount
ZLM2210673,Invalid Amount
ZLM2210673,Invalid Amount
ZLM2210674,Invalid Amount
ZLM2210674,Invalid Amount
ZLM2210675,Invalid Amount
ZLM2210675,Invalid Amount
ZLM2210676,Invalid Amount
ZLM2210676,Invalid Amount
ZLM2210676,Invalid Amount
ZLM2210676,Invalid Amount
ZLM2210677,Invalid Amount
ZLM2210677,Invalid Amount
ZLM2210678,Invalid Amount
ZLM2210678,Invalid Amount
ZLM2210679,Invalid Amount
ZLM2210679,Invalid Amount
ZLM2210680,Invalid Amount
ZLM2210680,Invalid Amount
ZLM2210681,Invalid Amount
ZLM2210681,Invalid Amount
ZLM2210681,Invalid Amount
ZLM2210682,Invalid Amount
ZLM2210682,Invalid Amount
ZLM2210683,Invalid Amount
ZLM2210683,Invalid Amount
ZLM2210684,Invalid Amount
ZLM2210684,Invalid Amount
ZLM2210685,Invalid Amount
ZLM2210685,Invalid Amount
ZLM2210686,Invalid Amount
ZLM2210686,Invalid Amount
ZLM2210687,Invalid Amount
ZLM2210687,Invalid Amount
ZLM2210688,Invalid Amount
ZLM2210688,Invalid Amount
ZLM2210689,Invalid Amount
ZLM2210689,Invalid Amount
ZLM2210690,Invalid Amount
ZLM2210690,Invalid Amount
ZLM2210691,Invalid Amount
ZLM2210691,Invalid Amount
ZLM2210692,Invalid Amount
ZLM2210692,Invalid Amount
ZLM2210693,Invalid Amount
ZLM2210693,Invalid Amount
ZLM2210694,Invalid Amount
ZLM2210694,Invalid Amount
ZLM2210695,Invalid Amount
ZLM2210695,Invalid Amount
ZLM2210696,Invalid Amount
ZLM2210696,Invalid Amount
ZLM2210697,Invalid Amount
ZLM2210697,Invalid Amount
ZLM2210698,Invalid Amount
ZLM2210698,Invalid Amount
ZLM2210699,Invalid Amount
ZLM2210699,Invalid Amount
ZLM2210700,Invalid Amount
ZLM2210700,Invalid Amount
ZLM2210701,Invalid Amount
ZLM2210701,Invalid Amount
ZLM2210702,Invalid Amount
ZLM2210702,Invalid Amount
ZLM2210703,Invalid Amount
ZLM2210703,Invalid Amount
ZLM2210703,Invalid Amount
ZLM2210704,Invalid Amount
ZLM2210704,Invalid Amount
ZLM2210705,Invalid Amount
ZLM2210705,Invalid Amount
ZLM2210705,Invalid Amount
ZLM2210705,Invalid Amount
ZLM2210705,Invalid Amount
ZLM2210706,Invalid Amount
ZLM2210706,Invalid Amount
ZLM2210707,Invalid Amount
ZLM2210707,Invalid Amount
ZLM2210708,Invalid Amount
ZLM2210708,Invalid Amount
ZLM2210709,Invalid Amount
ZLM2210709,Invalid Amount
ZLM2210710,Invalid Amount
ZLM2210710,Invalid Amount
ZLM2210711,Invalid Amount
ZLM2210711,Invalid Amount
ZLM2210712,Invalid Amount
ZLM2210712,Invalid Amount
ZLM2210713,Invalid Amount
ZLM2210713,Invalid Amount
ZLM2210714,Invalid Amount
ZLM2210714,Invalid Amount
ZLM2210715,Invalid Amount
ZLM2210715,Invalid Amount
ZLM2210716,Invalid Amount
ZLM2210716,Invalid Amount
ZLM2210719,Invalid Amount
ZLM2210719,Invalid Amount
ZLM2210720,Invalid Amount
ZLM2210720,Invalid Amount
ZLM2210721,Invalid Amount
ZLM2210721,Invalid Amount
ZLM2210721,Invalid Amount
ZLM2210725,Invalid Amount
ZLM2210725,Invalid Amount
ZLM9910001,Invalid Amount
ZLM9910001,Invalid Amount
ZLM9910001,Invalid Amount
ZLM9910002,Invalid Amount
ZLM9910002,Invalid Amount
ZLM9910002,Invalid Amount
ZLM9910002,Invalid Amount
ZLM9910002,Invalid Amount
ZLM9910002,Invalid Amount
ZLM9910002,Invalid Amount
ZLM9910002,Invalid Amount
ZLM9910002,Invalid Amount
ZLM9910002,Invalid Amount
ZLM9910002,Invalid Amount
ZLM9910002,Invalid Amount
ZLM9910002,Invalid Amount
ZLM9910002,Invalid Amount
ZLM9910002,Invalid Amount
ZLM9910003,Invalid Amount
ZLM9910003,Invalid Amount
ZLM9910003,Invalid Amount
ZLM9910003,Invalid Amount
ZLM9910003,Invalid Amount
ZLM9910004,Invalid Amount
ZLM9910004,Invalid Amount
ZLM9910004,Invalid Amount
ZLM9910005,Invalid Amount
ZLM9910005,Invalid Amount
ZLM9910006,Invalid Amount
ZLM9910006,Invalid Amount
ZLM9910007,Invalid Amount
ZLM9910007,Invalid Amount
ZLM9910007,Invalid Amount
ZLM9910007,Invalid Amount
ZLM9910007,Invalid Amount
ZLM9910007,Invalid Amount
ZLM9910008,Invalid Amount
ZLM9910008,Invalid Amount
ZLM9910009,Invalid Amount
ZLM9910009,Invalid Amount
ZLM9910010,Invalid Amount
ZLM9910010,Invalid Amount
ZLM9910010,Invalid Amount
ZLM9910010,Invalid Amount
ZLM9910010,Invalid Amount
ZLM9910011,Invalid Amount
ZLM9910011,Invalid Amount
ZLM9910012,Invalid Amount
ZLM9910012,Invalid Amount
ZLM9910012,Invalid Amount
ZLM9910012,Invalid Amount
ZLM9910012,Invalid Amount
ZLM9910012,Invalid Amount
ZLM9910012,Invalid Amount
ZLM9910012,Invalid Amount
ZLM9910012,Invalid Amount
ZLM9910012,Invalid Amount
ZLM9910012,Invalid Amount
ZLM9910012,Invalid Amount
ZLM9910012,Invalid Amount
ZLM9910012,Invalid Amount
ZLM9910012,Invalid Amount
ZLM9910012,Invalid Amount
ZLM9910012,Invalid Amount
ZLM9910012,Invalid Amount
ZLM9910013,Invalid Amount
ZLM9910013,Invalid Amount
ZLM9910014,Invalid Amount
ZLM9910014,Invalid Amount
ZLM9910014,Invalid Amount
ZLM9910014,Invalid Amount
ZLM9910014,Invalid Amount
ZLM9910014,Invalid Amount
ZLM9910014,Invalid Amount
ZLM9910014,Invalid Amount
ZLM9910014,Invalid Amount
ZLM9910014,Invalid Amount
ZLM9910014,Invalid Amount
ZLM9910014,Invalid Amount
ZLM9910014,Invalid Amount
ZLM9910014,Invalid Amount
ZLM9910014,Invalid Amount
ZLM9910014,Invalid Amount
ZLM9910014,Invalid Amount
ZLM9910014,Invalid Amount
ZLM9910014,Invalid Amount
ZLM9910014,Invalid Amount
ZLM9910015,Invalid Amount
ZLM9910015,Invalid Amount
ZLM9910016,Invalid Amount
ZLM9910016,Invalid Amount
ZLM9910017,Invalid Amount
ZLM9910017,Invalid Amount
ZLM9910017,Invalid Amount
ZLM9910018,Invalid Amount
ZLM9910018,Invalid Amount
ZLM9910018,Invalid Amount
ZLM9910018,Invalid Amount
ZLM9910018,Invalid Amount
ZLM9910018,Invalid Amount
ZLM9910018,Invalid Amount
ZLM9910018,Invalid Amount
ZLM9910019,Invalid Amount
ZLM9910019,Invalid Amount
ZLM9910020,Invalid Amount
ZLM9910020,Invalid Amount
ZLM9910022,Invalid Amount
ZLM9910022,Invalid Amount
ZLM9910022,Invalid Amount
ZLM9910022,Invalid Amount
ZLM9910022,Invalid Amount
ZLM9910022,Invalid Amount
ZLM9910022,Invalid Amount
ZLM9910022,Invalid Amount
ZLM9910023,Invalid Amount
ZLM9910023,Invalid Amount
ZLM9910023,Invalid Amount
ZLM9910023,Invalid Amount
ZLM9910023,Invalid Amount
ZLM9910023,Invalid Amount
ZLM9910024,Invalid Amount
ZLM9910024,Invalid Amount
ZLM9910025,Invalid Amount
ZLM9910025,Invalid Amount
ZLM9910026,Invalid Amount
ZLM9910026,Invalid Amount
ZLM9910027,Invalid Amount
ZLM9910027,Invalid Amount
ZLM9910027,Invalid Amount
ZLM9910027,Invalid Amount
ZLM9910027,Invalid Amount
ZLM9910028,Invalid Amount
ZLM9910028,Invalid Amount
ZLM9910029,Invalid Amount
ZLM9910029,Invalid Amount
ZLM9910029,Invalid Amount
ZLM9910029,Invalid Amount
ZLM9910029,Invalid Amount
ZLM9910029,Invalid Amount
ZLM9910030,Invalid Amount
ZLM9910030,Invalid Amount
ZLM9910031,Invalid Amount
ZLM9910031,Invalid Amount
ZLM9910031,Invalid Amount
ZLM9910031,Invalid Amount
ZLM9910031,Invalid Amount
ZLM9910032,Invalid Amount
ZLM9910032,Invalid Amount
ZLM9910033,Invalid Amount
ZLM9910033,Invalid Amount
ZLM9910034,Invalid Amount
ZLM9910034,Invalid Amount
ZLM9910034,Invalid Amount
ZLM9910034,Invalid Amount
ZLM9910034,Invalid Amount
ZLM9910035,Invalid Amount
ZLM9910035,Invalid Amount
ZLM9910035,Invalid Amount
ZLM9910035,Invalid Amount
ZLM9910035,Invalid Amount
ZLM9910035,Invalid Amount
ZLM9910035,Invalid Amount
ZLM9910035,Invalid Amount
ZLM9910036,Invalid Amount
ZLM9910036,Invalid Amount
ZLM9910037,Invalid Amount
ZLM9910037,Invalid Amount
ZLM9910037,Invalid Amount
ZLM9910037,Invalid Amount
ZLM9910037,Invalid Amount
ZLM9910038,Invalid Amount
ZLM9910038,Invalid Amount
ZLM9910039,Invalid Amount
ZLM9910039,Invalid Amount
ZLM9910039,Invalid Amount
ZLM9910039,Invalid Amount
ZLM9910039,Invalid Amount
ZLM9910039,Invalid Amount
ZLM9910039,Invalid Amount
ZLM9910039,Invalid Amount
ZLM9910039,Invalid Amount
ZLM9910040,Invalid Amount
ZLM9910040,Invalid Amount
ZLM9910040,Invalid Amount
ZLM9910040,Invalid Amount
ZLM9910040,Invalid Amount
ZLM9910040,Invalid Amount
ZLM9910040,Invalid Amount
ZLM9910040,Invalid Amount
ZLM9910040,Invalid Amount
ZLM9910040,Invalid Amount
ZLM9910040,Invalid Amount
ZLM9910040,Invalid Amount
ZLM9910040,Invalid Amount
ZLM9910040,Invalid Amount
ZLM9910040,Invalid Amount
ZLM9910040,Invalid Amount
ZLM9910041,Invalid Amount
ZLM9910041,Invalid Amount
ZLM9910042,Invalid Amount
ZLM9910042,Invalid Amount
ZLM9910042,Invalid Amount
ZLM9910042,Invalid Amount
ZLM9910043,Invalid Amount
ZLM9910043,Invalid Amount
ZLM9910043,Invalid Amount
ZLM9910043,Invalid Amount
ZLM9910043,Invalid Amount
ZLM9910043,Invalid Amount
ZLM9910043,Invalid Amount
ZLM9910044,Invalid Amount
ZLM9910044,Invalid Amount
ZLM9910044,Invalid Amount
ZLM9910044,Invalid Amount
ZLM9910044,Invalid Amount
ZLM9910044,Invalid Amount
ZLM9910044,Invalid Amount
ZLM9910044,Invalid Amount
ZLM9910044,Invalid Amount
ZLM9910044,Invalid Amount
ZLM9910044,Invalid Amount
ZLM9910045,Invalid Amount
ZLM9910045,Invalid Amount
ZLM9910046,Invalid Amount
ZLM9910046,Invalid Amount
ZLM9910046,Invalid Amount
ZLM9910046,Invalid Amount
ZLM9910046,Invalid Amount
ZLM9910046,Invalid Amount
ZLM9910047,Invalid Amount
ZLM9910047,Invalid Amount
ZLM9910048,Invalid Amount
ZLM9910048,Invalid Amount
ZLM9910049,Invalid Amount
ZLM9910049,Invalid Amount
ZLM9910049,Invalid Amount
ZLM9910049,Invalid Amount
ZLM9910049,Invalid Amount
ZLM9910049,Invalid Amount
ZLM9910050,Invalid Amount
ZLM9910050,Invalid Amount
ZLM9910051,Invalid Amount
ZLM9910051,Invalid Amount
ZLM9910051,Invalid Amount
ZLM9910051,Invalid Amount
ZLM9910051,Invalid Amount
ZLM9910051,Invalid Amount
ZLM9910051,Invalid Amount
ZLM9910051,Invalid Amount
ZLM9910051,Invalid Amount
ZLM9910052,Invalid Amount
ZLM9910052,Invalid Amount
ZLM9910052,Invalid Amount
ZLM9910052,Invalid Amount
ZLM9910052,Invalid Amount
ZLM9910052,Invalid Amount
ZLM9910053,Invalid Amount
ZLM9910053,Invalid Amount
ZLM9910053,Invalid Amount
ZLM9910053,Invalid Amount
ZLM9910053,Invalid Amount
ZLM9910054,Invalid Amount
ZLM9910054,Invalid Amount
ZLM9910054,Invalid Amount
ZLM9910054,Invalid Amount
ZLM9910054,Invalid Amount
ZLM9910054,Invalid Amount
ZLM9910055,Invalid Amount
ZLM9910055,Invalid Amount
ZLM9910055,Invalid Amount
ZLM9910055,Invalid Amount
ZLM9910055,Invalid Amount
ZLM9910055,Invalid Amount
ZLM9910056,Invalid Amount
ZLM9910056,Invalid Amount
ZLM9910056,Invalid Amount
ZLM9910056,Invalid Amount
ZLM9910056,Invalid Amount
ZLM9910056,Invalid Amount
ZLM9910057,Invalid Amount
ZLM9910057,Invalid Amount
ZLM9910057,Invalid Amount
ZLM9910057,Invalid Amount
ZLM9910057,Invalid Amount
ZLM9910057,Invalid Amount
ZLM9910057,Invalid Amount
ZLM9910057,Invalid Amount
ZLM9910057,Invalid Amount
ZLM9910058,Invalid Amount
ZLM9910058,Invalid Amount
ZLM9910058,Invalid Amount
ZLM9910058,Invalid Amount
ZLM9910058,Invalid Amount
ZLM9910058,Invalid Amount
ZLM9910058,Invalid Amount
ZLM9910059,Invalid Amount
ZLM9910059,Invalid Amount
ZLM9910060,Invalid Amount
ZLM9910060,Invalid Amount
ZLM9910060,Invalid Amount
ZLM9910060,Invalid Amount
ZLM9910060,Invalid Amount
ZLM9910060,Invalid Amount
ZLM9910060,Invalid Amount
ZLM9910060,Invalid Amount
ZLM9910060,Invalid Amount
ZLM9910060,Invalid Amount
ZLM9910060,Invalid Amount
ZLM9910060,Invalid Amount
ZLM9910061,Invalid Amount
ZLM9910061,Invalid Amount
ZLM9910061,Invalid Amount
ZLM9910061,Invalid Amount
ZLM9910061,Invalid Amount
ZLM9910061,Invalid Amount
ZLM9910061,Invalid Amount
ZLM9910062,Invalid Amount
ZLM9910062,Invalid Amount
ZLM9910063,Invalid Amount
ZLM9910063,Invalid Amount
ZLM9910064,Invalid Amount
ZLM9910064,Invalid Amount
ZLM9910065,Invalid Amount
ZLM9910065,Invalid Amount
ZLM9910066,Invalid Amount
ZLM9910066,Invalid Amount
ZLM9910067,Invalid Amount
ZLM9910067,Invalid Amount
ZLM9910067,Invalid Amount
ZLM9910067,Invalid Amount
ZLM9910067,Invalid Amount
ZLM9910067,Invalid Amount
ZLM9910067,Invalid Amount
ZLM9910067,Invalid Amount
ZLM9910068,Invalid Amount
ZLM9910068,Invalid Amount
ZLM9910068,Invalid Amount
ZLM9910068,Invalid Amount
ZLM9910068,Invalid Amount
ZLM9910068,Invalid Amount
ZLM9910069,Invalid Amount
ZLM9910069,Invalid Amount
ZLM9910070,Invalid Amount
ZLM9910070,Invalid Amount
ZLM9910071,Invalid Amount
ZLM9910071,Invalid Amount
ZLM9910071,Invalid Amount
ZLM9910071,Invalid Amount
ZLM9910071,Invalid Amount
ZLM9910071,Invalid Amount
ZLM9910071,Invalid Amount
ZLM9910071,Invalid Amount
ZLM9910072,Invalid Amount
ZLM9910072,Invalid Amount
ZLM9910072,Invalid Amount
ZLM9910072,Invalid Amount
ZLM9910072,Invalid Amount
ZLM9910072,Invalid Amount
ZLM9910072,Invalid Amount
ZLM9910072,Invalid Amount
ZLM9910072,Invalid Amount
ZLM9910072,Invalid Amount
ZLM9910072,Invalid Amount
ZLM9910073,Invalid Amount
ZLM9910073,Invalid Amount
ZLM9910074,Invalid Amount
ZLM9910074,Invalid Amount
ZLM9910075,Invalid Amount
ZLM9910075,Invalid Amount
ZLM9910076,Invalid Amount
ZLM9910076,Invalid Amount
ZLM9910077,Invalid Amount
ZLM9910077,Invalid Amount
ZLM9910078,Invalid Amount
ZLM9910078,Invalid Amount
ZLM9910079,Invalid Amount
ZLM9910079,Invalid Amount
ZLM9910080,Invalid Amount
ZLM9910080,Invalid Amount
ZLM9910080,Invalid Amount
ZLM9910080,Invalid Amount
ZLM9910080,Invalid Amount
ZLM9910081,Invalid Amount
ZLM9910081,Invalid Amount
ZLM9910082,Invalid Amount
ZLM9910082,Invalid Amount
ZLM9910083,Invalid Amount
ZLM9910083,Invalid Amount
ZLM9910083,Invalid Amount
ZLM9910083,Invalid Amount
ZLM9910083,Invalid Amount
ZLM9910083,Invalid Amount
ZLM9910083,Invalid Amount
ZLM9910084,Invalid Amount
ZLM9910084,Invalid Amount
ZLM9910085,Invalid Amount
ZLM9910085,Invalid Amount
ZLM9910086,Invalid Amount
ZLM9910086,Invalid Amount
ZLM9910086,Invalid Amount
ZLM9910086,Invalid Amount
ZLM9910086,Invalid Amount
ZLM9910086,Invalid Amount
ZLM9910086,Invalid Amount
ZLM9910087,Invalid Amount
ZLM9910087,Invalid Amount
ZLM9910087,Invalid Amount
ZLM9910087,Invalid Amount
ZLM9910087,Invalid Amount
ZLM9910087,Invalid Amount
ZLM9910088,Invalid Amount
ZLM9910088,Invalid Amount
ZLM9910089,Invalid Amount
ZLM9910089,Invalid Amount
ZLM9910090,Invalid Amount
ZLM9910090,Invalid Amount
ZLM9910090,Invalid Amount
ZLM9910090,Invalid Amount
ZLM9910090,Invalid Amount
ZLM9910090,Invalid Amount
ZLM9910090,Invalid Amount
ZLM9910090,Invalid Amount
ZLM9910090,Invalid Amount
ZLM9910091,Invalid Amount
ZLM9910091,Invalid Amount
ZLM9910092,Invalid Amount
ZLM9910092,Invalid Amount
ZLM9910093,Invalid Amount
ZLM9910093,Invalid Amount
ZLM9910094,Invalid Amount
ZLM9910094,Invalid Amount
ZLM9910094,Invalid Amount
ZLM9910094,Invalid Amount
ZLM9910094,Invalid Amount
ZLM9910094,Invalid Amount
ZLM9910094,Invalid Amount
ZLM9910094,Invalid Amount
ZLM9910094,Invalid Amount
ZLM9910094,Invalid Amount
ZLM9910094,Invalid Amount
ZLM9910094,Invalid Amount
ZLM9910094,Invalid Amount
ZLM9910095,Invalid Amount
ZLM9910095,Invalid Amount
ZLM9910095,Invalid Amount
ZLM9910095,Invalid Amount
ZLM9910095,Invalid Amount
ZLM9910095,Invalid Amount
ZLM9910095,Invalid Amount
ZLM9910095,Invalid Amount
ZLM9910095,Invalid Amount
ZLM9910095,Invalid Amount
ZLM9910096,Invalid Amount
ZLM9910096,Invalid Amount
ZLM9910097,Invalid Amount
ZLM9910097,Invalid Amount
ZLM9910097,Invalid Amount
ZLM9910097,Invalid Amount
ZLM9910097,Invalid Amount
ZLM9910097,Invalid Amount
ZLM9910098,Invalid Amount
ZLM9910098,Invalid Amount
ZLM9910099,Invalid Amount
ZLM9910099,Invalid Amount
ZLM9910099,Invalid Amount
ZLM9910099,Invalid Amount
ZLM9910100,Invalid Amount
ZLM9910100,Invalid Amount
ZLM9910100,Invalid Amount
ZLM9910100,Invalid Amount
ZLM9910100,Invalid Amount
ZLM9910100,Invalid Amount
ZLM9910100,Invalid Amount
ZLM9910100,Invalid Amount
ZLM9910100,Invalid Amount
ZLM9910100,Invalid Amount
ZLM9910101,Invalid Amount
ZLM9910101,Invalid Amount
ZLM9910102,Invalid Amount
ZLM9910102,Invalid Amount
ZLM9910102,Invalid Amount
ZLM9910102,Invalid Amount
ZLM9910102,Invalid Amount
ZLM9910102,Invalid Amount
ZLM9910103,Invalid Amount
ZLM9910103,Invalid Amount
ZLM9910103,Invalid Amount
ZLM9910103,Invalid Amount
ZLM9910103,Invalid Amount
ZLM9910103,Invalid Amount
ZLM9910103,Invalid Amount
ZLM9910103,Invalid Amount
ZLM9910104,Invalid Amount
ZLM9910104,Invalid Amount
ZLM9910104,Invalid Amount
ZLM9910104,Invalid Amount
ZLM9910105,Invalid Amount
ZLM9910105,Invalid Amount
ZLM9910106,Invalid Amount
ZLM9910106,Invalid Amount
ZLM9910106,Invalid Amount
ZLM9910106,Invalid Amount
ZLM9910106,Invalid Amount
ZLM9910106,Invalid Amount
ZLM9910106,Invalid Amount
ZLM9910106,Invalid Amount
ZLM9910107,Invalid Amount
ZLM9910107,Invalid Amount
ZLM9910107,Invalid Amount
ZLM9910107,Invalid Amount
ZLM9910107,Invalid Amount
ZLM9910107,Invalid Amount
ZLM9910108,Invalid Amount
ZLM9910108,Invalid Amount
ZLM9910109,Invalid Amount
ZLM9910109,Invalid Amount
ZLM9910109,Invalid Amount
ZLM9910109,Invalid Amount
ZLM9910109,Invalid Amount
ZLM9910109,Invalid Amount
ZLM9910110,Invalid Amount
ZLM9910110,Invalid Amount
ZLM9910110,Invalid Amount
ZLM9910110,Invalid Amount
ZLM9910111,Invalid Amount
ZLM9910111,Invalid Amount
ZLM9910111,Invalid Amount
ZLM9910111,Invalid Amount
ZLM9910111,Invalid Amount
ZLM9910111,Invalid Amount
ZLM9910111,Invalid Amount
ZLM9910111,Invalid Amount
ZLM9910111,Invalid Amount
ZLM9910112,Invalid Amount
ZLM9910112,Invalid Amount
ZLM9910113,Invalid Amount
ZLM9910113,Invalid Amount
ZLM9910114,Invalid Amount
ZLM9910114,Invalid Amount
ZLM9910114,Invalid Amount
ZLM9910114,Invalid Amount
ZLM9910114,Invalid Amount
ZLM9910114,Invalid Amount
ZLM9910114,Invalid Amount
ZLM9910114,Invalid Amount
ZLM9910114,Invalid Amount
ZLM9910115,Invalid Amount
ZLM9910115,Invalid Amount
ZLM9910116,Invalid Amount
ZLM9910116,Invalid Amount
ZLM9910116,Invalid Amount
ZLM9910116,Invalid Amount
ZLM9910116,Invalid Amount
ZLM9910116,Invalid Amount
ZLM9910116,Invalid Amount
ZLM9910116,Invalid Amount
ZLM9910117,Invalid Amount
ZLM9910117,Invalid Amount
ZLM9910118,Invalid Amount
ZLM9910118,Invalid Amount
ZLM9910119,Invalid Amount
ZLM9910119,Invalid Amount
ZLM9910119,Invalid Amount
ZLM9910119,Invalid Amount
ZLM9910119,Invalid Amount
ZLM9910119,Invalid Amount
ZLM9910119,Invalid Amount
ZLM9910119,Invalid Amount
ZLM9910120,Invalid Amount
ZLM9910120,Invalid Amount
ZLM9910121,Invalid Amount
ZLM9910121,Invalid Amount
ZLM9910121,Invalid Amount
ZLM9910121,Invalid Amount
ZLM9910121,Invalid Amount
ZLM9910121,Invalid Amount
ZLM9910121,Invalid Amount
ZLM9910122,Invalid Amount
ZLM9910122,Invalid Amount
ZLM9910122,Invalid Amount
ZLM9910122,Invalid Amount
ZLM9910122,Invalid Amount
ZLM9910122,Invalid Amount
ZLM9910122,Invalid Amount
ZLM9910122,Invalid Amount
ZLM9910123,Invalid Amount
ZLM9910123,Invalid Amount
ZLM9910124,Invalid Amount
ZLM9910124,Invalid Amount
ZLM9910124,Invalid Amount
ZLM9910124,Invalid Amount
ZLM9910125,Invalid Amount
ZLM9910125,Invalid Amount
ZLM9910126,Invalid Amount
ZLM9910126,Invalid Amount
ZLM9910127,Invalid Amount
ZLM9910127,Invalid Amount
ZLM9910128,Invalid Amount
ZLM9910128,Invalid Amount
ZLM9910129,Invalid Amount
ZLM9910129,Invalid Amount
ZLM9910130,Invalid Amount
ZLM9910130,Invalid Amount
ZLM9910131,Invalid Amount
ZLM9910131,Invalid Amount
ZLM9910132,Invalid Amount
ZLM9910132,Invalid Amount
ZLM9910132,Invalid Amount
ZLM9910132,Invalid Amount
ZLM9910132,Invalid Amount
ZLM9910132,Invalid Amount
ZLM9910132,Invalid Amount
ZLM9910132,Invalid Amount
ZLM9910132,Invalid Amount
ZLM9910132,Invalid Amount
ZLM9910133,Invalid Amount
ZLM9910133,Invalid Amount
ZLM9910134,Invalid Amount
ZLM9910134,Invalid Amount
ZLM9910134,Invalid Amount
ZLM9910134,Invalid Amount
ZLM9910134,Invalid Amount
ZLM9910134,Invalid Amount
ZLM9910134,Invalid Amount
ZLM9910134,Invalid Amount
ZLM9910135,Invalid Amount
ZLM9910135,Invalid Amount
ZLM9910135,Invalid Amount
ZLM9910135,Invalid Amount
ZLM9910135,Invalid Amount
ZLM9910135,Invalid Amount
ZLM9910136,Invalid Amount
ZLM9910136,Invalid Amount
ZLM9910136,Invalid Amount
ZLM9910136,Invalid Amount
ZLM9910137,Invalid Amount
ZLM9910137,Invalid Amount
ZLM9910137,Invalid Amount
ZLM9910137,Invalid Amount
ZLM9910137,Invalid Amount
ZLM9910137,Invalid Amount
ZLM9910137,Invalid Amount
ZLM9910137,Invalid Amount
ZLM9910137,Invalid Amount
ZLM9910137,Invalid Amount
ZLM9910137,Invalid Amount
ZLM9910138,Invalid Amount
ZLM9910138,Invalid Amount
ZLM9910138,Invalid Amount
ZLM9910138,Invalid Amount
ZLM9910138,Invalid Amount
ZLM9910138,Invalid Amount
ZLM9910139,Invalid Amount
ZLM9910139,Invalid Amount
ZLM9910139,Invalid Amount
ZLM9910139,Invalid Amount
ZLM9910139,Invalid Amount
ZLM9910139,Invalid Amount
ZLM9910139,Invalid Amount
ZLM9910139,Invalid Amount
ZLM9910139,Invalid Amount
ZLM9910140,Invalid Amount
ZLM9910140,Invalid Amount
ZLM9910141,Invalid Amount
ZLM9910141,Invalid Amount
ZLM9910141,Invalid Amount
ZLM9910141,Invalid Amount
ZLM9910141,Invalid Amount
ZLM9910141,Invalid Amount
ZLM9910141,Invalid Amount
ZLM9910141,Invalid Amount
ZLM9910141,Invalid Amount
ZLM9910141,Invalid Amount
ZLM9910141,Invalid Amount
ZLM9910141,Invalid Amount
ZLM9910142,Invalid Amount
ZLM9910142,Invalid Amount
ZLM9910143,Invalid Amount
ZLM9910143,Invalid Amount
ZLM9910144,Invalid Amount
ZLM9910144,Invalid Amount
ZLM9910144,Invalid Amount
ZLM9910145,Invalid Amount
ZLM9910145,Invalid Amount
ZLM9910145,Invalid Amount
ZLM9910145,Invalid Amount
ZLM9910145,Invalid Amount
ZLM9910145,Invalid Amount
ZLM9910145,Invalid Amount
ZLM9910146,Invalid Amount
ZLM9910146,Invalid Amount
ZLM9910147,Invalid Amount
ZLM9910147,Invalid Amount
ZLM9910147,Invalid Amount
ZLM9910147,Invalid Amount
ZLM9910147,Invalid Amount
ZLM9910147,Invalid Amount
ZLM9910147,Invalid Amount
ZLM9910147,Invalid Amount
ZLM9910147,Invalid Amount
ZLM9910148,Invalid Amount
ZLM9910148,Invalid Amount
ZLM9910149,Invalid Amount
ZLM9910149,Invalid Amount
ZLM9910150,Invalid Amount
ZLM9910150,Invalid Amount
ZLM9910150,Invalid Amount
ZLM9910150,Invalid Amount
ZLM9910151,Invalid Amount
ZLM9910151,Invalid Amount
ZLM9910151,Invalid Amount
ZLM9910151,Invalid Amount
ZLM9910151,Invalid Amount
ZLM9910152,Invalid Amount
ZLM9910152,Invalid Amount
ZLM9910152,Invalid Amount
ZLM9910152,Invalid Amount
ZLM9910152,Invalid Amount
ZLM9910152,Invalid Amount
ZLM9910152,Invalid Amount
ZLM9910152,Invalid Amount
ZLM9910152,Invalid Amount
ZLM9910152,Invalid Amount
ZLM9910152,Invalid Amount
ZLM9910152,Invalid Amount
ZLM9910152,Invalid Amount
ZLM9910152,Invalid Amount
ZLM9910153,Invalid Amount
ZLM9910153,Invalid Amount
ZLM9910153,Invalid Amount
ZLM9910153,Invalid Amount
ZLM9910153,Invalid Amount
ZLM9910153,Invalid Amount
ZLM9910153,Invalid Amount
ZLM9910153,Invalid Amount
ZLM9910153,Invalid Amount
ZLM9910154,Invalid Amount
ZLM9910154,Invalid Amount
ZLM9910155,Invalid Amount
ZLM9910155,Invalid Amount
ZLM9910155,Invalid Amount
ZLM9910155,Invalid Amount
ZLM9910156,Invalid Amount
ZLM9910156,Invalid Amount
ZLM9910156,Invalid Amount
ZLM9910156,Invalid Amount
ZLM9910156,Invalid Amount
ZLM9910156,Invalid Amount
ZLM9910156,Invalid Amount
ZLM9910157,Invalid Amount
ZLM9910157,Invalid Amount
ZLM9910158,Invalid Amount
ZLM9910158,Invalid Amount
ZLM9910159,Invalid Amount
ZLM9910159,Invalid Amount
ZLM9910161,Invalid Amount
ZLM9910161,Invalid Amount
ZLM9910161,Invalid Amount
ZLM9910161,Invalid Amount
ZLM9910161,Invalid Amount
ZLM9910161,Invalid Amount
ZLM9910161,Invalid Amount
ZLM9910162,Invalid Amount
ZLM9910162,Invalid Amount
ZLM9910162,Invalid Amount
ZLM9910162,Invalid Amount
ZLM9910162,Invalid Amount
ZLM9910162,Invalid Amount
ZLM9910162,Invalid Amount
ZLM9910162,Invalid Amount
ZLM9910162,Invalid Amount
ZLM9910163,Invalid Amount
ZLM9910163,Invalid Amount
ZLM9910164,Invalid Amount
ZLM9910164,Invalid Amount
ZLM9910165,Invalid Amount
ZLM9910165,Invalid Amount
ZLM9910166,Invalid Amount
ZLM9910166,Invalid Amount
ZLM9910166,Invalid Amount
ZLM9910166,Invalid Amount
ZLM9910166,Invalid Amount
ZLM9910166,Invalid Amount
ZLM9910166,Invalid Amount
ZLM9910166,Invalid Amount
ZLM9910167,Invalid Amount
ZLM9910167,Invalid Amount
ZLM9910167,Invalid Amount
ZLM9910167,Invalid Amount
ZLM9910168,Invalid Amount
ZLM9910168,Invalid Amount
ZLM9910169,Invalid Amount
ZLM9910169,Invalid Amount
ZLM9910169,Invalid Amount
ZLM9910170,Invalid Amount
ZLM9910170,Invalid Amount
ZLM9910170,Invalid Amount
ZLM9910170,Invalid Amount
ZLM9910170,Invalid Amount
ZLM9910170,Invalid Amount
ZLM9910170,Invalid Amount
ZLM9910170,Invalid Amount
ZLM9910171,Invalid Amount
ZLM9910171,Invalid Amount
ZLM9910172,Invalid Amount
ZLM9910172,Invalid Amount
ZLM9910172,Invalid Amount
ZLM9910172,Invalid Amount
ZLM9910172,Invalid Amount
ZLM9910172,Invalid Amount
ZLM9910173,Invalid Amount
ZLM9910173,Invalid Amount
ZLM9910173,Invalid Amount
ZLM9910173,Invalid Amount
ZLM9910173,Invalid Amount
ZLM9910173,Invalid Amount
ZLM9910173,Invalid Amount
ZLM9910174,Invalid Amount
ZLM9910174,Invalid Amount
ZLM9910175,Invalid Amount
ZLM9910175,Invalid Amount
ZLM9910175,Invalid Amount
ZLM9910175,Invalid Amount
ZLM9910175,Invalid Amount
ZLM9910175,Invalid Amount
ZLM9910175,Invalid Amount
ZLM9910175,Invalid Amount
ZLM9910176,Invalid Amount
ZLM9910176,Invalid Amount
ZLM9910176,Invalid Amount
ZLM9910176,Invalid Amount
ZLM9910176,Invalid Amount
ZLM9910176,Invalid Amount
ZLM9910176,Invalid Amount
ZLM9910176,Invalid Amount
ZLM9910177,Invalid Amount
ZLM9910177,Invalid Amount
ZLM9910177,Invalid Amount
ZLM9910177,Invalid Amount
ZLM9910177,Invalid Amount
ZLM9910177,Invalid Amount
ZLM9910177,Invalid Amount
ZLM9910177,Invalid Amount
ZLM9910177,Invalid Amount
ZLM9910177,Invalid Amount
ZLM9910178,Invalid Amount
ZLM9910178,Invalid Amount
ZLM9910179,Invalid Amount
ZLM9910179,Invalid Amount
ZLM9910179,Invalid Amount
ZLM9910179,Invalid Amount
ZLM9910179,Invalid Amount
ZLM9910179,Invalid Amount
ZLM9910179,Invalid Amount
ZLM9910179,Invalid Amount
ZLM9910179,Invalid Amount
ZLM9910179,Invalid Amount
ZLM9910179,Invalid Amount
ZLM9910179,Invalid Amount
ZLM9910179,Invalid Amount
ZLM9910179,Invalid Amount
ZLM9910180,Invalid Amount
ZLM9910180,Invalid Amount
ZLM9910180,Invalid Amount
ZLM9910180,Invalid Amount
ZLM9910180,Invalid Amount
ZLM9910180,Invalid Amount
ZLM9910181,Invalid Amount
ZLM9910181,Invalid Amount
ZLM9910181,Invalid Amount
ZLM9910181,Invalid Amount
ZLM9910181,Invalid Amount
ZLM9910181,Invalid Amount
ZLM9910181,Invalid Amount
ZLM9910181,Invalid Amount
ZLM9910181,Invalid Amount
ZLM9910181,Invalid Amount
ZLM9910181,Invalid Amount
ZLM9910181,Invalid Amount
ZLM9910181,Invalid Amount
ZLM9910182,Invalid Amount
ZLM9910182,Invalid Amount
ZLM9910183,Invalid Amount
ZLM9910183,Invalid Amount
ZLM9910183,Invalid Amount
ZLM9910183,Invalid Amount
ZLM9910183,Invalid Amount
ZLM9910183,Invalid Amount
ZLM9910183,Invalid Amount
ZLM9910183,Invalid Amount
ZLM9910184,Invalid Amount
ZLM9910184,Invalid Amount
ZLM9910185,Invalid Amount
ZLM9910185,Invalid Amount
ZLM9910185,Invalid Amount
ZLM9910185,Invalid Amount
ZLM9910186,Invalid Amount
ZLM9910186,Invalid Amount
ZLM9910186,Invalid Amount
ZLM9910186,Invalid Amount
ZLM9910186,Invalid Amount
ZLM9910187,Invalid Amount
ZLM9910187,Invalid Amount
ZLM9910188,Invalid Amount
ZLM9910188,Invalid Amount
ZLM9910189,Invalid Amount
ZLM9910189,Invalid Amount
ZLM9910190,Invalid Amount
ZLM9910190,Invalid Amount
ZLM9910191,Invalid Amount
ZLM9910191,Invalid Amount
ZLM9910192,Invalid Amount
ZLM9910192,Invalid Amount
ZLM9910192,Invalid Amount
ZLM9910193,Invalid Amount
ZLM9910193,Invalid Amount
ZLM9910194,Invalid Amount
ZLM9910194,Invalid Amount
ZLM9910195,Invalid Amount
ZLM9910195,Invalid Amount
ZLM9910196,Invalid Amount
ZLM9910196,Invalid Amount
ZLM9910197,Invalid Amount
ZLM9910197,Invalid Amount
ZLM9910197,Invalid Amount
ZLM9910197,Invalid Amount
ZLM9910197,Invalid Amount
ZLM9910197,Invalid Amount
ZLM9910198,Invalid Amount
ZLM9910198,Invalid Amount
ZLM9910199,Invalid Amount
ZLM9910199,Invalid Amount
ZLM9910200,Invalid Amount
ZLM9910200,Invalid Amount
ZLM9910200,Invalid Amount
ZLM9910200,Invalid Amount
ZLM9910200,Invalid Amount
ZLM9910200,Invalid Amount
ZLM9910200,Invalid Amount
ZLM9910201,Invalid Amount
ZLM9910201,Invalid Amount
ZLM9910201,Invalid Amount
ZLM9910201,Invalid Amount
ZLM9910201,Invalid Amount
ZLM9910201,Invalid Amount
ZLM9910201,Invalid Amount
ZLM9910201,Invalid Amount
ZLM9910201,Invalid Amount
ZLM9910201,Invalid Amount
ZLM9910201,Invalid Amount
ZLM9910201,Invalid Amount
ZLM9910201,Invalid Amount
ZLM9910201,Invalid Amount
ZLM9910201,Invalid Amount
ZLM9910201,Invalid Amount
ZLM9910201,Invalid Amount
ZLM9910202,Invalid Amount
ZLM9910202,Invalid Amount
ZLM9910203,Invalid Amount
ZLM9910203,Invalid Amount
ZLM9910203,Invalid Amount
ZLM9910204,Invalid Amount
ZLM9910204,Invalid Amount
ZLM9910205,Invalid Amount
ZLM9910205,Invalid Amount
ZLM9910206,Invalid Amount
ZLM9910206,Invalid Amount
ZLM9910207,Invalid Amount
ZLM9910207,Invalid Amount
ZLM9910208,Invalid Amount
ZLM9910208,Invalid Amount
ZLM9910208,Invalid Amount
ZLM9910209,Invalid Amount
ZLM9910209,Invalid Amount
ZLM9910209,Invalid Amount
ZLM9910209,Invalid Amount
ZLM9910209,Invalid Amount
ZLM9910209,Invalid Amount
ZLM9910209,Invalid Amount
ZLM9910209,Invalid Amount
ZLM9910209,Invalid Amount
ZLM9910209,Invalid Amount
ZLM9910209,Invalid Amount
ZLM9910210,Invalid Amount
ZLM9910210,Invalid Amount
ZLM9910210,Invalid Amount
ZLM9910210,Invalid Amount
ZLM9910210,Invalid Amount
ZLM9910210,Invalid Amount
ZLM9910211,Invalid Amount
ZLM9910211,Invalid Amount
ZLM9910211,Invalid Amount
ZLM9910211,Invalid Amount
ZLM9910211,Invalid Amount
ZLM9910212,Invalid Amount
ZLM9910212,Invalid Amount
ZLM9910212,Invalid Amount
ZLM9910212,Invalid Amount
ZLM9910212,Invalid Amount
ZLM9910212,Invalid Amount
ZLM9910212,Invalid Amount
ZLM9910212,Invalid Amount
ZLM9910212,Invalid Amount
ZLM9910212,Invalid Amount
ZLM9910212,Invalid Amount
ZLM9910212,Invalid Amount
ZLM9910213,Invalid Amount
ZLM9910213,Invalid Amount
ZLM9910214,Invalid Amount
ZLM9910214,Invalid Amount
ZLM9910215,Invalid Amount
ZLM9910215,Invalid Amount
ZLM9910216,Invalid Amount
ZLM9910216,Invalid Amount
ZLM9910217,Invalid Amount
ZLM9910217,Invalid Amount
ZLM9910218,Invalid Amount
ZLM9910218,Invalid Amount
ZLM9910219,Invalid Amount
ZLM9910219,Invalid Amount
ZLM9910220,Invalid Amount
ZLM9910220,Invalid Amount
ZLM9910221,Invalid Amount
ZLM9910221,Invalid Amount
ZLM9910222,Invalid Amount
ZLM9910222,Invalid Amount
ZLM9910222,Invalid Amount
ZLM9910223,Invalid Amount
ZLM9910223,Invalid Amount
ZLM9910224,Invalid Amount
ZLM9910224,Invalid Amount
ZLM9910225,Invalid Amount
ZLM9910225,Invalid Amount
ZLM9910226,Invalid Amount
ZLM9910226,Invalid Amount
ZLM9910227,Invalid Amount
ZLM9910227,Invalid Amount
ZLM9910227,Invalid Amount
ZLM9910227,Invalid Amount
ZLM9910228,Invalid Amount
ZLM9910228,Invalid Amount
ZLM9910229,Invalid Amount
ZLM9910229,Invalid Amount
ZLM9910230,Invalid Amount
ZLM9910230,Invalid Amount
ZLM9910230,Invalid Amount
ZLM9910230,Invalid Amount
ZLM9910230,Invalid Amount
ZLM9910230,Invalid Amount
ZLM9910230,Invalid Amount
ZLM9910230,Invalid Amount
ZLM9910230,Invalid Amount
ZLM9910231,Invalid Amount
ZLM9910231,Invalid Amount
ZLM9910231,Invalid Amount
ZLM9910231,Invalid Amount
ZLM9910231,Invalid Amount
ZLM9910231,Invalid Amount
ZLM9910231,Invalid Amount
ZLM9910231,Invalid Amount
ZLM9910232,Invalid Amount
ZLM9910232,Invalid Amount
ZLM9910232,Invalid Amount
ZLM9910232,Invalid Amount
ZLM9910232,Invalid Amount
ZLM9910233,Invalid Amount
ZLM9910233,Invalid Amount
ZLM9910234,Invalid Amount
ZLM9910234,Invalid Amount
ZLM9910235,Invalid Amount
ZLM9910235,Invalid Amount
ZLM9910235,Invalid Amount
ZLM9910235,Invalid Amount
ZLM9910235,Invalid Amount
ZLM9910235,Invalid Amount
ZLM9910236,Invalid Amount
ZLM9910236,Invalid Amount
ZLM9910237,Invalid Amount
ZLM9910237,Invalid Amount
ZLM9910237,Invalid Amount
ZLM9910237,Invalid Amount
ZLM9910237,Invalid Amount
ZLM9910237,Invalid Amount
ZLM9910237,Invalid Amount
ZLM9910238,Invalid Amount
ZLM9910238,Invalid Amount
ZLM9910239,Invalid Amount
ZLM9910239,Invalid Amount
ZLM9910240,Invalid Amount
ZLM9910240,Invalid Amount
ZLM9910241,Invalid Amount
ZLM9910241,Invalid Amount
ZLM9910241,Invalid Amount
ZLM9910241,Invalid Amount
ZLM9910241,Invalid Amount
ZLM9910241,Invalid Amount
ZLM9910241,Invalid Amount
ZLM9910241,Invalid Amount
ZLM9910241,Invalid Amount
ZLM9910243,Invalid Amount
ZLM9910243,Invalid Amount
ZLM9910243,Invalid Amount
ZLM9910243,Invalid Amount
ZLM9910243,Invalid Amount
ZLM9910244,Invalid Amount
ZLM9910244,Invalid Amount
ZLM9910244,Invalid Amount
ZLM9910245,Invalid Amount
ZLM9910245,Invalid Amount
ZLM9910246,Invalid Amount
ZLM9910246,Invalid Amount
ZLM9910247,Invalid Amount
ZLM9910247,Invalid Amount
ZLM9910247,Invalid Amount
ZLM9910247,Invalid Amount
ZLM9910247,Invalid Amount
ZLM9910248,Invalid Amount
ZLM9910248,Invalid Amount
ZLM9910248,Invalid Amount
ZLM9910248,Invalid Amount
ZLM9910248,Invalid Amount
ZLM9910249,Invalid Amount
ZLM9910249,Invalid Amount
ZLM9910250,Invalid Amount
ZLM9910250,Invalid Amount
ZLM9910250,Invalid Amount
ZLM9910250,Invalid Amount
ZLM9910251,Invalid Amount
ZLM9910251,Invalid Amount
ZLM9910251,Invalid Amount
ZLM9910251,Invalid Amount
ZLM9910251,Invalid Amount
ZLM9910252,Invalid Amount
ZLM9910252,Invalid Amount
ZLM9910253,Invalid Amount
ZLM9910253,Invalid Amount
ZLM9910254,Invalid Amount
ZLM9910254,Invalid Amount
ZLM9910255,Invalid Amount
ZLM9910255,Invalid Amount
ZLM9910256,Invalid Amount
ZLM9910256,Invalid Amount
ZLM9910257,Invalid Amount
ZLM9910257,Invalid Amount
ZLM9910258,Invalid Amount
ZLM9910258,Invalid Amount
ZLM9910259,Invalid Amount
ZLM9910259,Invalid Amount
ZLM9910259,Invalid Amount
ZLM9910259,Invalid Amount
ZLM9910259,Invalid Amount
ZLM9910260,Invalid Amount
ZLM9910260,Invalid Amount
ZLM9910260,Invalid Amount
ZLM9910260,Invalid Amount
ZLM9910260,Invalid Amount
ZLM9910261,Invalid Amount
ZLM9910261,Invalid Amount
ZLM9910261,Invalid Amount
ZLM9910261,Invalid Amount
ZLM9910261,Invalid Amount
ZLM9910262,Invalid Amount
ZLM9910262,Invalid Amount
ZLM9910263,Invalid Amount
ZLM9910263,Invalid Amount
ZLM9910263,Invalid Amount
ZLM9910263,Invalid Amount
ZLM9910264,Invalid Amount
ZLM9910264,Invalid Amount
ZLM9910265,Invalid Amount
ZLM9910265,Invalid Amount
ZLM9910265,Invalid Amount
ZLM9910266,Invalid Amount
ZLM9910266,Invalid Amount
ZLM9910267,Invalid Amount
ZLM9910267,Invalid Amount
ZLM9910267,Invalid Amount
ZLM9910267,Invalid Amount
ZLM9910267,Invalid Amount
ZLM9910268,Invalid Amount
ZLM9910268,Invalid Amount
ZLM9910268,Invalid Amount
ZLM9910268,Invalid Amount
ZLM9910268,Invalid Amount
ZLM9910268,Invalid Amount
ZLM9910268,Invalid Amount
ZLM9910269,Invalid Amount
ZLM9910269,Invalid Amount
ZLM9910269,Invalid Amount
ZLM9910269,Invalid Amount
ZLM9910269,Invalid Amount
ZLM9910269,Invalid Amount
ZLM9910270,Invalid Amount
ZLM9910270,Invalid Amount
ZLM9910270,Invalid Amount
ZLM9910270,Invalid Amount
ZLM9910270,Invalid Amount
ZLM9910271,Invalid Amount
ZLM9910271,Invalid Amount
ZLM9910271,Invalid Amount
ZLM9910272,Invalid Amount
ZLM9910272,Invalid Amount
ZLM9910272,Invalid Amount
ZLM9910272,Invalid Amount
ZLM9910273,Invalid Amount
ZLM9910273,Invalid Amount
ZLM9910273,Invalid Amount
ZLM9910273,Invalid Amount
ZLM9910273,Invalid Amount
ZLM9910274,Invalid Amount
ZLM9910274,Invalid Amount
ZLM9910275,Invalid Amount
ZLM9910275,Invalid Amount
ZLM9910275,Invalid Amount
ZLM9910275,Invalid Amount
ZLM9910275,Invalid Amount
ZLM9910276,Invalid Amount
ZLM9910276,Invalid Amount
ZLM9910276,Invalid Amount
ZLM9910276,Invalid Amount
ZLM9910277,Invalid Amount
ZLM9910277,Invalid Amount
ZLM9910278,Invalid Amount
ZLM9910278,Invalid Amount
ZLM9910278,Invalid Amount
ZLM9910278,Invalid Amount
ZLM9910279,Invalid Amount
ZLM9910279,Invalid Amount
ZLM9910281,Invalid Amount
ZLM9910281,Invalid Amount
ZLM9910282,Invalid Amount
ZLM9910282,Invalid Amount
ZLM9910282,Invalid Amount
ZLM9910283,Invalid Amount
ZLM9910283,Invalid Amount
ZLM9910283,Invalid Amount
ZLM9910283,Invalid Amount
ZLM9910283,Invalid Amount
ZLM9910283,Invalid Amount
ZLM9910283,Invalid Amount
ZLM9910283,Invalid Amount
ZLM9910284,Invalid Amount
ZLM9910284,Invalid Amount
ZLM9910284,Invalid Amount
ZLM9910284,Invalid Amount
ZLM9910284,Invalid Amount
ZLM9910284,Invalid Amount
ZLM9910284,Invalid Amount
ZLM9910284,Invalid Amount
ZLM9910284,Invalid Amount
ZLM9910284,Invalid Amount
ZLM9910285,Invalid Amount
ZLM9910285,Invalid Amount
ZLM9910286,Invalid Amount
ZLM9910286,Invalid Amount
ZLM9910287,Invalid Amount
ZLM9910287,Invalid Amount
ZLM9910288,Invalid Amount
ZLM9910288,Invalid Amount
ZLM9910288,Invalid Amount
ZLM9910288,Invalid Amount
ZLM9910288,Invalid Amount
ZLM9910288,Invalid Amount
ZLM9910288,Invalid Amount
ZLM9910288,Invalid Amount
ZLM9910288,Invalid Amount
ZLM9910288,Invalid Amount
ZLM9910288,Invalid Amount
ZLM9910289,Invalid Amount
ZLM9910289,Invalid Amount
ZLM9910289,Invalid Amount
ZLM9910289,Invalid Amount
ZLM9910289,Invalid Amount
ZLM9910289,Invalid Amount
ZLM9910289,Invalid Amount
ZLM9910289,Invalid Amount
ZLM9910290,Invalid Amount
ZLM9910290,Invalid Amount
ZLM9910291,Invalid Amount
ZLM9910291,Invalid Amount
ZLM9910292,Invalid Amount
ZLM9910292,Invalid Amount
ZLM9910293,Invalid Amount
ZLM9910293,Invalid Amount
ZLM9910294,Invalid Amount
ZLM9910294,Invalid Amount
ZLM9910294,Invalid Amount
ZLM9910294,Invalid Amount
ZLM9910294,Invalid Amount
ZLM9910294,Invalid Amount
ZLM9910294,Invalid Amount
ZLM9910294,Invalid Amount
ZLM9910294,Invalid Amount
ZLM9910295,Invalid Amount
ZLM9910295,Invalid Amount
ZLM9910296,Invalid Amount
ZLM9910296,Invalid Amount
ZLM9910296,Invalid Amount
ZLM9910296,Invalid Amount
ZLM9910296,Invalid Amount
ZLM9910296,Invalid Amount
ZLM9910297,Invalid Amount
ZLM9910297,Invalid Amount
ZLM9910298,Invalid Amount
ZLM9910298,Invalid Amount
ZLM9910298,Invalid Amount
ZLM9910298,Invalid Amount
ZLM9910298,Invalid Amount
ZLM9910298,Invalid Amount
ZLM9910299,Invalid Amount
ZLM9910299,Invalid Amount
ZLM9910299,Invalid Amount
ZLM9910299,Invalid Amount
ZLM9910299,Invalid Amount
ZLM9910299,Invalid Amount
ZLM9910300,Invalid Amount
ZLM9910300,Invalid Amount
ZLM9910301,Invalid Amount
ZLM9910301,Invalid Amount
ZLM9910301,Invalid Amount
ZLM9910302,Invalid Amount
ZLM9910302,Invalid Amount
ZLM9910302,Invalid Amount
ZLM9910302,Invalid Amount
ZLM9910302,Invalid Amount
ZLM9910302,Invalid Amount
ZLM9910302,Invalid Amount
ZLM9910302,Invalid Amount
ZLM9910302,Invalid Amount
ZLM9910303,Invalid Amount
ZLM9910303,Invalid Amount
ZLM9910304,Invalid Amount
ZLM9910304,Invalid Amount
ZLM9910304,Invalid Amount
ZLM9910305,Invalid Amount
ZLM9910305,Invalid Amount
ZLM9910307,Invalid Amount
ZLM9910307,Invalid Amount
ZLM9910307,Invalid Amount
ZLM9910307,Invalid Amount
ZLM9910308,Invalid Amount
ZLM9910308,Invalid Amount
ZLM9910309,Invalid Amount
ZLM9910309,Invalid Amount
ZLM9910309,Invalid Amount
ZLM9910309,Invalid Amount
ZLM9910309,Invalid Amount
ZLM9910309,Invalid Amount
ZLM9910310,Invalid Amount
ZLM9910310,Invalid Amount
ZLM9910310,Invalid Amount
ZLM9910310,Invalid Amount
ZLM9910310,Invalid Amount
ZLM9910310,Invalid Amount
ZLM9910310,Invalid Amount
ZLM9910310,Invalid Amount
ZLM9910311,Invalid Amount
ZLM9910311,Invalid Amount
ZLM9910312,Invalid Amount
ZLM9910312,Invalid Amount
ZLM9910313,Invalid Amount
ZLM9910313,Invalid Amount
ZLM9910314,Invalid Amount
ZLM9910314,Invalid Amount
ZLM9910314,Invalid Amount
ZLM9910314,Invalid Amount
ZLM9910314,Invalid Amount
ZLM9910314,Invalid Amount
ZLM9910314,Invalid Amount
ZLM9910315,Invalid Amount
ZLM9910315,Invalid Amount
ZLM9910315,Invalid Amount
ZLM9910316,Invalid Amount
ZLM9910316,Invalid Amount
ZLM9910317,Invalid Amount
ZLM9910317,Invalid Amount
ZLM9910318,Invalid Amount
ZLM9910318,Invalid Amount
ZLM9910319,Invalid Amount
ZLM9910319,Invalid Amount
ZLM9910320,Invalid Amount
ZLM9910320,Invalid Amount
ZLM9910321,Invalid Amount
ZLM9910321,Invalid Amount
ZLM9910322,Invalid Amount
ZLM9910322,Invalid Amount
ZLM9910323,Invalid Amount
ZLM9910323,Invalid Amount
ZLM9910324,Invalid Amount
ZLM9910324,Invalid Amount
ZLM9910325,Invalid Amount
ZLM9910325,Invalid Amount
ZLM9910325,Invalid Amount
ZLM9910326,Invalid Amount
ZLM9910326,Invalid Amount
ZLM9910326,Invalid Amount
ZLM9910326,Invalid Amount
ZLM9910326,Invalid Amount
ZLM9910328,Invalid Amount
ZLM9910328,Invalid Amount
ZLM9910329,Invalid Amount
ZLM9910329,Invalid Amount
ZLM9910329,Invalid Amount
ZLM9910329,Invalid Amount
ZLM9910329,Invalid Amount
ZLM9910330,Invalid Amount
ZLM9910330,Invalid Amount
ZLM9910330,Invalid Amount
ZLM9910330,Invalid Amount
ZLM9910330,Invalid Amount
ZLM9910330,Invalid Amount
ZLM9910331,Invalid Amount
ZLM9910331,Invalid Amount
ZLM9910331,Invalid Amount
ZLM9910332,Invalid Amount
ZLM9910332,Invalid Amount
ZLM9910333,Invalid Amount
ZLM9910333,Invalid Amount
ZLM9910333,Invalid Amount
ZLM9910333,Invalid Amount
ZLM9910334,Invalid Amount
ZLM9910334,Invalid Amount
ZLM9910334,Invalid Amount
ZLM9910334,Invalid Amount
ZLM9910334,Invalid Amount
ZLM9910335,Invalid Amount
ZLM9910335,Invalid Amount
ZLM9910336,Invalid Amount
ZLM9910336,Invalid Amount
ZLM9910336,Invalid Amount
ZLM9910336,Invalid Amount
ZLM9910336,Invalid Amount
ZLM9910336,Invalid Amount
ZLM9910337,Invalid Amount
ZLM9910337,Invalid Amount
ZLM9910338,Invalid Amount
ZLM9910338,Invalid Amount
ZLM9910339,Invalid Amount
ZLM9910339,Invalid Amount
ZLM9910340,Invalid Amount
ZLM9910340,Invalid Amount
ZLM9910340,Invalid Amount
ZLM9910340,Invalid Amount
ZLM9910340,Invalid Amount
ZLM9910340,Invalid Amount
ZLM9910341,Invalid Amount
ZLM9910341,Invalid Amount
ZLM9910342,Invalid Amount
ZLM9910342,Invalid Amount
ZLM9910343,Invalid Amount
ZLM9910343,Invalid Amount
ZLM9910344,Invalid Amount
ZLM9910344,Invalid Amount
ZLM9910345,Invalid Amount
ZLM9910345,Invalid Amount
ZLM9910345,Invalid Amount
ZLM9910346,Invalid Amount
ZLM9910346,Invalid Amount
ZLM9910346,Invalid Amount
ZLM9910346,Invalid Amount
ZLM9910346,Invalid Amount
ZLM9910346,Invalid Amount
ZLM9910346,Invalid Amount
ZLM9910346,Invalid Amount
ZLM9910346,Invalid Amount
ZLM9910346,Invalid Amount
ZLM9910346,Invalid Amount
ZLM9910346,Invalid Amount
ZLM9910346,Invalid Amount
ZLM9910346,Invalid Amount
ZLM9910346,Invalid Amount
ZLM9910346,Invalid Amount
ZLM9910346,Invalid Amount
ZLM9910347,Invalid Amount
ZLM9910347,Invalid Amount
ZLM9910347,Invalid Amount
ZLM9910347,Invalid Amount
ZLM9910347,Invalid Amount
ZLM9910347,Invalid Amount
ZLM9910348,Invalid Amount
ZLM9910348,Invalid Amount
ZLM9910349,Invalid Amount
ZLM9910349,Invalid Amount
ZLM9910350,Invalid Amount
ZLM9910350,Invalid Amount
ZLM9910350,Invalid Amount
ZLM9910350,Invalid Amount
ZLM9910350,Invalid Amount
ZLM9910350,Invalid Amount
ZLM9910350,Invalid Amount
ZLM9910350,Invalid Amount
ZLM9910350,Invalid Amount
ZLM9910350,Invalid Amount
ZLM9910350,Invalid Amount
ZLM9910350,Invalid Amount
ZLM9910351,Invalid Amount
ZLM9910351,Invalid Amount
ZLM9910352,Invalid Amount
ZLM9910352,Invalid Amount
ZLM9910352,Invalid Amount
ZLM9910352,Invalid Amount
ZLM9910352,Invalid Amount
ZLM9910353,Invalid Amount
ZLM9910353,Invalid Amount
ZLM9910353,Invalid Amount
ZLM9910353,Invalid Amount
ZLM9910353,Invalid Amount
ZLM9910353,Invalid Amount
ZLM9910354,Invalid Amount
ZLM9910354,Invalid Amount
ZLM9910355,Invalid Amount
ZLM9910355,Invalid Amount
ZLM9910356,Invalid Amount
ZLM9910356,Invalid Amount
ZLM9910357,Invalid Amount
ZLM9910357,Invalid Amount
ZLM9910358,Invalid Amount
ZLM9910358,Invalid Amount
ZLM9910359,Invalid Amount
ZLM9910359,Invalid Amount
ZLM9910359,Invalid Amount
ZLM9910359,Invalid Amount
ZLM9910359,Invalid Amount
ZLM9910360,Invalid Amount
ZLM9910360,Invalid Amount
ZLM9910361,Invalid Amount
ZLM9910361,Invalid Amount
ZLM9910362,Invalid Amount
ZLM9910362,Invalid Amount
ZLM9910363,Invalid Amount
ZLM9910363,Invalid Amount
ZLM9910364,Invalid Amount
ZLM9910364,Invalid Amount
ZLM9910364,Invalid Amount
ZLM9910364,Invalid Amount
ZLM9910364,Invalid Amount
ZLM9910364,Invalid Amount
ZLM9910364,Invalid Amount
ZLM9910365,Invalid Amount
ZLM9910365,Invalid Amount
ZLM9910366,Invalid Amount
ZLM9910366,Invalid Amount
ZLM9910367,Invalid Amount
ZLM9910367,Invalid Amount
ZLM9910368,Invalid Amount
ZLM9910368,Invalid Amount
ZLM9910369,Invalid Amount
ZLM9910369,Invalid Amount
ZLM9910369,Invalid Amount
ZLM9910369,Invalid Amount
ZLM9910369,Invalid Amount
ZLM9910369,Invalid Amount
ZLM9910369,Invalid Amount
ZLM9910369,Invalid Amount
ZLM9910369,Invalid Amount
ZLM9910369,Invalid Amount
ZLM9910369,Invalid Amount
ZLM9910369,Invalid Amount
ZLM9910369,Invalid Amount
ZLM9910369,Invalid Amount
ZLM9910369,Invalid Amount
ZLM9910369,Invalid Amount
ZLM9910369,Invalid Amount
ZLM9910369,Invalid Amount
ZLM9910369,Invalid Amount
ZLM9910369,Invalid Amount
ZLM9910369,Invalid Amount
ZLM9910369,Invalid Amount
ZLM9910370,Invalid Amount
ZLM9910370,Invalid Amount
ZLM9910371,Invalid Amount
ZLM9910371,Invalid Amount
ZLM9910371,Invalid Amount
ZLM9910371,Invalid Amount
ZLM9910371,Invalid Amount
ZLM9910371,Invalid Amount
ZLM9910372,Invalid Amount
ZLM9910372,Invalid Amount
ZLM9910372,Invalid Amount
ZLM9910372,Invalid Amount
ZLM9910372,Invalid Amount
ZLM9910372,Invalid Amount
ZLM9910372,Invalid Amount
ZLM9910372,Invalid Amount
ZLM9910373,Invalid Amount
ZLM9910373,Invalid Amount
ZLM9910373,Invalid Amount
ZLM9910373,Invalid Amount
ZLM9910374,Invalid Amount
ZLM9910374,Invalid Amount
ZLM9910375,Invalid Amount
ZLM9910375,Invalid Amount
ZLM9910376,Invalid Amount
ZLM9910376,Invalid Amount
ZLM9910377,Invalid Amount
ZLM9910377,Invalid Amount
ZLM9910378,Invalid Amount
ZLM9910378,Invalid Amount
ZLM9910378,Invalid Amount
ZLM9910379,Invalid Amount
ZLM9910379,Invalid Amount
ZLM9910380,Invalid Amount
ZLM9910380,Invalid Amount
ZLM9910380,Invalid Amount
ZLM9910380,Invalid Amount
ZLM9910380,Invalid Amount
ZLM9910381,Invalid Amount
ZLM9910381,Invalid Amount
ZLM9910382,Invalid Amount
ZLM9910382,Invalid Amount
ZLM9910383,Invalid Amount
ZLM9910383,Invalid Amount
ZLM9910383,Invalid Amount
ZLM9910383,Invalid Amount
ZLM9910383,Invalid Amount
ZLM9910384,Invalid Amount
ZLM9910384,Invalid Amount
ZLM9910384,Invalid Amount
ZLM9910384,Invalid Amount
ZLM9910384,Invalid Amount
ZLM9910385,Invalid Amount
ZLM9910385,Invalid Amount
ZLM9910387,Invalid Amount
ZLM9910387,Invalid Amount
ZLM9910389,Invalid Amount
ZLM9910389,Invalid Amount
ZLM9910390,Invalid Amount
ZLM9910390,Invalid Amount
ZLM9910391,Invalid Amount
ZLM9910391,Invalid Amount
ZLM9910391,Invalid Amount
ZLM9910391,Invalid Amount
ZLM9910392,Invalid Amount
ZLM9910392,Invalid Amount
ZLM9910393,Invalid Amount
ZLM9910393,Invalid Amount
ZLM9910394,Invalid Amount
ZLM9910394,Invalid Amount
ZLM9910395,Invalid Amount
ZLM9910395,Invalid Amount
ZLM9910396,Invalid Amount
ZLM9910396,Invalid Amount
ZLM9910397,Invalid Amount
ZLM9910397,Invalid Amount
ZLM9910398,Invalid Amount
ZLM9910398,Invalid Amount
ZLM9910400,Invalid Amount
ZLM9910400,Invalid Amount
ZLM9910401,Invalid Amount
ZLM9910401,Invalid Amount
ZLM9910402,Invalid Amount
ZLM9910402,Invalid Amount
ZLM9910404,Invalid Amount
ZLM9910405,Invalid Amount
ZLM9910405,Invalid Amount
ZLM9910405,Invalid Amount
ZLM9910405,Invalid Amount
ZLM9910405,Invalid Amount
ZLM9910406,Invalid Amount
ZLM9910406,Invalid Amount
ZLM9910407,Invalid Amount
ZLM9910407,Invalid Amount
ZLM9910408,Invalid Amount
ZLM9910408,Invalid Amount
ZLM9910408,Invalid Amount
ZLM9910408,Invalid Amount
ZLM9910408,Invalid Amount
ZLM9910408,Invalid Amount
ZLM9910408,Invalid Amount
ZLM9910409,Invalid Amount
ZLM9910409,Invalid Amount
ZLM9910410,Invalid Amount
ZLM9910410,Invalid Amount
ZLM9910411,Invalid Amount
ZLM9910411,Invalid Amount
ZLM9910412,Invalid Amount
ZLM9910412,Invalid Amount
ZLM9910413,Invalid Amount
ZLM9910413,Invalid Amount
ZLM9910414,Invalid Amount
ZLM9910414,Invalid Amount
ZLM9910415,Invalid Amount
ZLM9910415,Invalid Amount
ZLM9910416,Invalid Amount
ZLM9910416,Invalid Amount
ZLM9910417,Invalid Amount
ZLM9910417,Invalid Amount
ZLM9910418,Invalid Amount
ZLM9910418,Invalid Amount
ZLM9910419,Invalid Amount
ZLM9910419,Invalid Amount
ZLM9910420,Invalid Amount
ZLM9910420,Invalid Amount
ZLM9910421,Invalid Amount
ZLM9910421,Invalid Amount
ZLM9910422,Invalid Amount
ZLM9910422,Invalid Amount
ZLM9910423,Invalid Amount
ZLM9910423,Invalid Amount
ZLM9910424,Invalid Amount
ZLM9910424,Invalid Amount
ZLM9910425,Invalid Amount
ZLM9910425,Invalid Amount
ZLM9910426,Invalid Amount
ZLM9910426,Invalid Amount
ZLM9910427,Invalid Amount
ZLM9910427,Invalid Amount
ZLM9910428,Invalid Amount
ZLM9910428,Invalid Amount
ZLM9910429,Invalid Amount
ZLM9910429,Invalid Amount
ZLM9910430,Invalid Amount
ZLM9910430,Invalid Amount
ZLM9910431,Invalid Amount
ZLM9910431,Invalid Amount
ZLM9910431,Invalid Amount
ZLM9910432,Invalid Amount
ZLM9910432,Invalid Amount
ZLM9910432,Invalid Amount
ZLM9910432,Invalid Amount
ZLM9910432,Invalid Amount
ZLM9910432,Invalid Amount
ZLM9910432,Invalid Amount
ZLM9910432,Invalid Amount
ZLM9910433,Invalid Amount
ZLM9910433,Invalid Amount
ZLM9910434,Invalid Amount
ZLM9910434,Invalid Amount
ZLM9910434,Invalid Amount
ZLM9910434,Invalid Amount
ZLM9910435,Invalid Amount
ZLM9910435,Invalid Amount
ZLM9910436,Invalid Amount
ZLM9910436,Invalid Amount
ZLM9910436,Invalid Amount
ZLM9910436,Invalid Amount
ZLM9910436,Invalid Amount
ZLM9910437,Invalid Amount
ZLM9910437,Invalid Amount
ZLM9910438,Invalid Amount
ZLM9910438,Invalid Amount
ZLM9910439,Invalid Amount
ZLM9910439,Invalid Amount
ZLM9910440,Invalid Amount
ZLM9910440,Invalid Amount
ZLM9910441,Invalid Amount
ZLM9910441,Invalid Amount
ZLM9910441,Invalid Amount
ZLM9910441,Invalid Amount
ZLM9910441,Invalid Amount
ZLM9910441,Invalid Amount
ZLM9910441,Invalid Amount
ZLM9910441,Invalid Amount
ZLM9910442,Invalid Amount
ZLM9910442,Invalid Amount
ZLM9910443,Invalid Amount
ZLM9910443,Invalid Amount
ZLM9910444,Invalid Amount
ZLM9910444,Invalid Amount
ZLM9910445,Invalid Amount
ZLM9910445,Invalid Amount
ZLM9910446,Invalid Amount
ZLM9910446,Invalid Amount
ZLM9910447,Invalid Amount
ZLM9910447,Invalid Amount
ZLM9910447,Invalid Amount
ZLM9910447,Invalid Amount
ZLM9910447,Invalid Amount
ZLM9910447,Invalid Amount
ZLM9910447,Invalid Amount
ZLM9910448,Invalid Amount
ZLM9910448,Invalid Amount
ZLM9910448,Invalid Amount
ZLM9910448,Invalid Amount
ZLM9910448,Invalid Amount
ZLM9910448,Invalid Amount
ZLM9910448,Invalid Amount
ZLM9910448,Invalid Amount
ZLM9910450,Invalid Amount
ZLM9910450,Invalid Amount
ZLM9910451,Invalid Amount
ZLM9910451,Invalid Amount
ZLM9910452,Invalid Amount
ZLM9910452,Invalid Amount
ZLM9910453,Invalid Amount
ZLM9910453,Invalid Amount
ZLM9910453,Invalid Amount
ZLM9910454,Invalid Amount
ZLM9910454,Invalid Amount
ZLM9910456,Invalid Amount
ZLM9910457,Invalid Amount
ZLM9910457,Invalid Amount
ZLM9910457,Invalid Amount
ZLM9910457,Invalid Amount
ZLM9910458,Invalid Amount
ZLM9910458,Invalid Amount
ZLM9910459,Invalid Amount
ZLM9910459,Invalid Amount
ZLM9910460,Invalid Amount
ZLM9910460,Invalid Amount
ZLM9910461,Invalid Amount
ZLM9910461,Invalid Amount
ZLM9910462,Invalid Amount
ZLM9910462,Invalid Amount
ZLM9910463,Invalid Amount
ZLM9910463,Invalid Amount
ZLM9910463,Invalid Amount
ZLM9910463,Invalid Amount
ZLM9910464,Invalid Amount
ZLM9910464,Invalid Amount
ZLM9910464,Invalid Amount
ZLM9910464,Invalid Amount
ZLM9910464,Invalid Amount
ZLM9910465,Invalid Amount
ZLM9910465,Invalid Amount
ZLM9910466,Invalid Amount
ZLM9910466,Invalid Amount
ZLM9910467,Invalid Amount
ZLM9910467,Invalid Amount
ZLM9910467,Invalid Amount
ZLM9910467,Invalid Amount
ZLM9910468,Invalid Amount
ZLM9910468,Invalid Amount
ZLM9910470,Invalid Amount
ZLM9910470,Invalid Amount
ZLM9910470,Invalid Amount
ZLM9910470,Invalid Amount
ZLM9910471,Invalid Amount
ZLM9910471,Invalid Amount
ZLM9910471,Invalid Amount
ZLM9910471,Invalid Amount
ZLM9910471,Invalid Amount
ZLM9910471,Invalid Amount
ZLM9910471,Invalid Amount
ZLM9910472,Invalid Amount
ZLM9910472,Invalid Amount
ZLM9910473,Invalid Amount
ZLM9910473,Invalid Amount
ZLM9910474,Invalid Amount
ZLM9910474,Invalid Amount
ZLM9910476,Invalid Amount
ZLM9910476,Invalid Amount
ZLM9910477,Invalid Amount
ZLM9910477,Invalid Amount
ZLM9910478,Invalid Amount
ZLM9910478,Invalid Amount
ZLM9910479,Invalid Amount
ZLM9910479,Invalid Amount
ZLM9910480,Invalid Amount
ZLM9910480,Invalid Amount
ZLM9910481,Invalid Amount
ZLM9910481,Invalid Amount
ZLM9910481,Invalid Amount
ZLM9910481,Invalid Amount
ZLM9910481,Invalid Amount
ZLM9910481,Invalid Amount
ZLM9910482,Invalid Amount
ZLM9910482,Invalid Amount
ZLM9910483,Invalid Amount
ZLM9910483,Invalid Amount
ZLM9910483,Invalid Amount
ZLM9910484,Invalid Amount
ZLM9910484,Invalid Amount
ZLM9910485,Invalid Amount
ZLM9910485,Invalid Amount
ZLM9910486,Invalid Amount
ZLM9910486,Invalid Amount
ZLM9910487,Invalid Amount
ZLM9910487,Invalid Amount
ZLM9910488,Invalid Amount
ZLM9910488,Invalid Amount
ZLM9910488,Invalid Amount
ZLM9910488,Invalid Amount
ZLM9910488,Invalid Amount
ZLM9910489,Invalid Amount
ZLM9910489,Invalid Amount
ZLM9910490,Invalid Amount
ZLM9910493,Invalid Amount
ZLM9910493,Invalid Amount
ZLM9910493,Invalid Amount
ZLM9910493,Invalid Amount
ZLM9910493,Invalid Amount
ZLM9910493,Invalid Amount
ZLM9910493,Invalid Amount
ZLM9910493,Invalid Amount
ZLM9910494,Invalid Amount
ZLM9910494,Invalid Amount
ZLM9910495,Invalid Amount
ZLM9910495,Invalid Amount
ZLM9910495,Invalid Amount
ZLM9910495,Invalid Amount
ZLM9910496,Invalid Amount
ZLM9910496,Invalid Amount
ZLM9910496,Invalid Amount
ZLM9910496,Invalid Amount
ZLM9910496,Invalid Amount
ZLM9910496,Invalid Amount
ZLM9910496,Invalid Amount
ZLM9910497,Invalid Amount
ZLM9910497,Invalid Amount
ZLM9910498,Invalid Amount
ZLM9910499,Invalid Amount
ZLM9910499,Invalid Amount
ZLM9910500,Invalid Amount
ZLM9910500,Invalid Amount
ZLM9910501,Invalid Amount
ZLM9910501,Invalid Amount
ZLM9910502,Invalid Amount
ZLM9910502,Invalid Amount
ZLM9910502,Invalid Amount
ZLM9910502,Invalid Amount
ZLM9910502,Invalid Amount
ZLM9910502,Invalid Amount
ZLM9910502,Invalid Amount
ZLM9910502,Invalid Amount
ZLM9910502,Invalid Amount
ZLM9910502,Invalid Amount
ZLM9910502,Invalid Amount
ZLM9910502,Invalid Amount
ZLM9910503,Invalid Amount
ZLM9910503,Invalid Amount
ZLM9910503,Invalid Amount
ZLM9910504,Invalid Amount
ZLM9910504,Invalid Amount
ZLM9910505,Invalid Amount
ZLM9910505,Invalid Amount
ZLM9910505,Invalid Amount
ZLM9910505,Invalid Amount
ZLM9910505,Invalid Amount
ZLM9910506,Invalid Amount
ZLM9910506,Invalid Amount
ZLM9910507,Invalid Amount
ZLM9910507,Invalid Amount
ZLM9910508,Invalid Amount
ZLM9910508,Invalid Amount
ZLM9910509,Invalid Amount
ZLM9910509,Invalid Amount
ZLM9910509,Invalid Amount
ZLM9910509,Invalid Amount
ZLM9910509,Invalid Amount
ZLM9910509,Invalid Amount
ZLM9910509,Invalid Amount
ZLM9910510,Invalid Amount
ZLM9910510,Invalid Amount
ZLM9910510,Invalid Amount
ZLM9910510,Invalid Amount
ZLM9910510,Invalid Amount
ZLM9910510,Invalid Amount
ZLM9910511,Invalid Amount
ZLM9910511,Invalid Amount
ZLM9910513,Invalid Amount
ZLM9910513,Invalid Amount
ZLM9910514,Invalid Amount
ZLM9910514,Invalid Amount
ZLM9910514,Invalid Amount
ZLM9910516,Invalid Amount
ZLM9910516,Invalid Amount
ZLM9910516,Invalid Amount
ZLM9910516,Invalid Amount
ZLM9910516,Invalid Amount
ZLM9910516,Invalid Amount
ZLM9910518,Invalid Amount
ZLM9910518,Invalid Amount
ZLM9910519,Invalid Amount
ZLM9910519,Invalid Amount
ZLM9910520,Invalid Amount
ZLM9910520,Invalid Amount
ZLM9910521,Invalid Amount
ZLM9910521,Invalid Amount
ZLM9910522,Invalid Amount
ZLM9910522,Invalid Amount
ZLM9910523,Invalid Amount
ZLM9910523,Invalid Amount
ZLM9910523,Invalid Amount
ZLM9910524,Invalid Amount
ZLM9910524,Invalid Amount
ZLM9910525,Invalid Amount
ZLM9910525,Invalid Amount
ZLM9910526,Invalid Amount
ZLM9910526,Invalid Amount
ZLM9910527,Invalid Amount
ZLM9910527,Invalid Amount
ZLM9910528,Invalid Amount
ZLM9910528,Invalid Amount
ZLM9910529,Invalid Amount
ZLM9910529,Invalid Amount
ZLM9910530,Invalid Amount
ZLM9910530,Invalid Amount
ZLM9910532,Invalid Amount
ZLM9910532,Invalid Amount
ZLM9910533,Invalid Amount
ZLM9910533,Invalid Amount
ZLM9910534,Invalid Amount
ZLM9910534,Invalid Amount
ZLM9910534,Invalid Amount
ZLM9910534,Invalid Amount
ZLM9910535,Invalid Amount
ZLM9910535,Invalid Amount
ZLM9910536,Invalid Amount
ZLM9910536,Invalid Amount
ZLM9910537,Invalid Amount
ZLM9910537,Invalid Amount
ZLM9910538,Invalid Amount
ZLM9910538,Invalid Amount
ZLM9910539,Invalid Amount
ZLM9910539,Invalid Amount
ZLM9910540,Invalid Amount
ZLM9910540,Invalid Amount
ZLM9910541,Invalid Amount
ZLM9910541,Invalid Amount
ZLM9910542,Invalid Amount
ZLM9910543,Invalid Amount
ZLM9910543,Invalid Amount
ZLM9910544,Invalid Amount
ZLM9910544,Invalid Amount
ZLM9910545,Invalid Amount
ZLM9910545,Invalid Amount
ZLM9910546,Invalid Amount
ZLM9910546,Invalid Amount
ZLM9910546,Invalid Amount
ZLM9910546,Invalid Amount
ZLM9910547,Invalid Amount
ZLM9910547,Invalid Amount
ZLM9910547,Invalid Amount
ZLM9910547,Invalid Amount
ZLM9910547,Invalid Amount
ZLM9910549,Invalid Amount
ZLM9910549,Invalid Amount
ZLM9910551,Invalid Amount
ZLM9910551,Invalid Amount
ZLM9910551,Invalid Amount
ZLM9910552,Invalid Amount
ZLM9910552,Invalid Amount
ZLM9910553,Invalid Amount
ZLM9910553,Invalid Amount
ZLM9910555,Invalid Amount
ZLM9910555,Invalid Amount
ZLM9910556,Invalid Amount
ZLM9910556,Invalid Amount
ZLM9910556,Invalid Amount
ZLM9910556,Invalid Amount
ZLM9910556,Invalid Amount
ZLM9910556,Invalid Amount
ZLM9910556,Invalid Amount
ZLM9910558,Invalid Amount
ZLM9910558,Invalid Amount
ZLM9910558,Invalid Amount
ZLM9910558,Invalid Amount
ZLM9910558,Invalid Amount
ZLM9910558,Invalid Amount
ZLM9910560,Invalid Amount
ZLM9910560,Invalid Amount
ZLM9910562,Invalid Amount
ZLM9910562,Invalid Amount
ZLM9910564,Invalid Amount
ZLM9910564,Invalid Amount
ZLM9910566,Invalid Amount
ZLM9910566,Invalid Amount
ZLM9910567,Invalid Amount
ZLM9910567,Invalid Amount
ZLM9910569,Invalid Amount
ZLM9910571,Invalid Amount
ZLM9910571,Invalid Amount
ZLM9910572,Invalid Amount
ZLM9910572,Invalid Amount
ZLM9910573,Invalid Amount
ZLM9910573,Invalid Amount
ZLM9910574,Invalid Amount
ZLM9910574,Invalid Amount
ZLM9910575,Invalid Amount
ZLM9910575,Invalid Amount
ZLM9910577,Invalid Amount
ZLM9910577,Invalid Amount
ZLM9910580,Invalid Amount
ZLM9910580,Invalid Amount
ZLM9910580,Invalid Amount
ZLM9910580,Invalid Amount
ZLM9910580,Invalid Amount
ZLM9910581,Invalid Amount
ZLM9910581,Invalid Amount
ZLM9910582,Invalid Amount
ZLM9910582,Invalid Amount
ZLM9910583,Invalid Amount
ZLM9910583,Invalid Amount
ZLM9910584,Invalid Amount
ZLM9910584,Invalid Amount
ZLM9910585,Invalid Amount
ZLM9910585,Invalid Amount
ZLM9910585,Invalid Amount
ZLM9910585,Invalid Amount
ZLM9910585,Invalid Amount
ZLM9910585,Invalid Amount
ZLM9910585,Invalid Amount
ZLM9910585,Invalid Amount
ZLM9910585,Invalid Amount
ZLM9910586,Invalid Amount
ZLM9910586,Invalid Amount
ZLM9910587,Invalid Amount
ZLM9910587,Invalid Amount
ZLM9910589,Invalid Amount
ZLM9910589,Invalid Amount
ZLM9910590,Invalid Amount
ZLM9910590,Invalid Amount
ZLM9910590,Invalid Amount
ZLM9910590,Invalid Amount
ZLM9910590,Invalid Amount
ZLM9910590,Invalid Amount
ZLM9910591,Invalid Amount
ZLM9910591,Invalid Amount
ZLM9910591,Invalid Amount
ZLM9910591,Invalid Amount
ZLM9910591,Invalid Amount
ZLM9910591,Invalid Amount
ZLM9910591,Invalid Amount
ZLM9910593,Invalid Amount
ZLM9910593,Invalid Amount
ZLM9910595,Invalid Amount
ZLM9910595,Invalid Amount
ZLM9910597,Invalid Amount
ZLM9910597,Invalid Amount
ZLM9910600,Invalid Amount
ZLM9910600,Invalid Amount
ZLM9910601,Invalid Amount
ZLM9910601,Invalid Amount
ZLM9910601,Invalid Amount
ZLM9910601,Invalid Amount
ZLM9910601,Invalid Amount
ZLM9910601,Invalid Amount
ZLM9910602,Invalid Amount
ZLM9910602,Invalid Amount
ZLM9910603,Invalid Amount
ZLM9910603,Invalid Amount
ZLM9910604,Invalid Amount
ZLM9910604,Invalid Amount
ZLM9910605,Invalid Amount
ZLM9910605,Invalid Amount
ZLM9910606,Invalid Amount
ZLM9910606,Invalid Amount
ZLM9910607,Invalid Amount
ZLM9910607,Invalid Amount
ZLM9910608,Invalid Amount
ZLM9910608,Invalid Amount
ZLM9910608,Invalid Amount
ZLM9910608,Invalid Amount
ZLM9910608,Invalid Amount
ZLM9910608,Invalid Amount
ZLM9910608,Invalid Amount
ZLM9910608,Invalid Amount
ZLM9910609,Invalid Amount
ZLM9910609,Invalid Amount
ZLM9910610,Invalid Amount
ZLM9910610,Invalid Amount
ZLM9910611,Invalid Amount
ZLM9910612,Invalid Amount
ZLM9910612,Invalid Amount
ZLM9910613,Invalid Amount
ZLM9910613,Invalid Amount
ZLM9910614,Invalid Amount
ZLM9910614,Invalid Amount
ZLM9910615,Invalid Amount
ZLM9910615,Invalid Amount
ZLM9910615,Invalid Amount
ZLM9910615,Invalid Amount
ZLM9910615,Invalid Amount
ZLM9910615,Invalid Amount
ZLM9910616,Invalid Amount
ZLM9910616,Invalid Amount
ZLM9910616,Invalid Amount
ZLM9910616,Invalid Amount
ZLM9910616,Invalid Amount
ZLM9910617,Invalid Amount
ZLM9910617,Invalid Amount
ZLM9910620,Invalid Amount
ZLM9910620,Invalid Amount
ZLM9910621,Invalid Amount
ZLM9910621,Invalid Amount
ZLM9910622,Invalid Amount
ZLM9910622,Invalid Amount
ZLM9910623,Invalid Amount
ZLM9910623,Invalid Amount
ZLM9910624,Invalid Amount
ZLM9910624,Invalid Amount
ZLM9910625,Invalid Amount
ZLM9910625,Invalid Amount
ZLM9910626,Invalid Amount
ZLM9910626,Invalid Amount
ZLM9910627,Invalid Amount
ZLM9910627,Invalid Amount
ZLM9910627,Invalid Amount
ZLM9910628,Invalid Amount
ZLM9910628,Invalid Amount
ZLM9910629,Invalid Amount
ZLM9910629,Invalid Amount
ZLM9910629,Invalid Amount
ZLM9910629,Invalid Amount
ZLM9910629,Invalid Amount
ZLM9910629,Invalid Amount
ZLM9910630,Invalid Amount
ZLM9910630,Invalid Amount
ZLM9910631,Invalid Amount
ZLM9910631,Invalid Amount
ZLM9910632,Invalid Amount
ZLM9910632,Invalid Amount
ZLM9910634,Invalid Amount
ZLM9910634,Invalid Amount
ZLM9910636,Invalid Amount
ZLM9910636,Invalid Amount
ZLM9910637,Invalid Amount
ZLM9910637,Invalid Amount
ZLM9910639,Invalid Amount
ZLM9910639,Invalid Amount
ZLM9910641,Invalid Amount
ZLM9910641,Invalid Amount
ZLM9910641,Invalid Amount
ZLM9910641,Invalid Amount
ZLM9910641,Invalid Amount
ZLM9910641,Invalid Amount
ZLM9910641,Invalid Amount
ZLM9910641,Invalid Amount
ZLM9910643,Invalid Amount
ZLM9910643,Invalid Amount
ZLM9910644,Invalid Amount
ZLM9910644,Invalid Amount
ZLM9910645,Invalid Amount
ZLM9910645,Invalid Amount
ZLM9910646,Invalid Amount
ZLM9910646,Invalid Amount
ZLM9910647,Invalid Amount
ZLM9910647,Invalid Amount
ZLM9910648,Invalid Amount
ZLM9910648,Invalid Amount
ZLM9910649,Invalid Amount
ZLM9910649,Invalid Amount
ZLM9910651,Invalid Amount
ZLM9910652,Invalid Amount
ZLM9910652,Invalid Amount
ZLM9910652,Invalid Amount
ZLM9910652,Invalid Amount
ZLM9910652,Invalid Amount
ZLM9910652,Invalid Amount
ZLM9910652,Invalid Amount
ZLM9910653,Invalid Amount
ZLM9910653,Invalid Amount
ZLM9910654,Invalid Amount
ZLM9910654,Invalid Amount
ZLM9910655,Invalid Amount
ZLM9910655,Invalid Amount
ZLM9910656,Invalid Amount
ZLM9910656,Invalid Amount
ZLM9910657,Invalid Amount
ZLM9910657,Invalid Amount
ZLM9910658,Invalid Amount
ZLM9910658,Invalid Amount
ZLM9910659,Invalid Amount
ZLM9910659,Invalid Amount
ZLM9910660,Invalid Amount
ZLM9910660,Invalid Amount
ZLM9910661,Invalid Amount
ZLM9910661,Invalid Amount
ZLM9910662,Invalid Amount
ZLM9910662,Invalid Amount
ZLM9910663,Invalid Amount
ZLM9910663,Invalid Amount
ZLM9910664,Invalid Amount
ZLM9910664,Invalid Amount
ZLM9910666,Invalid Amount
ZLM9910666,Invalid Amount
ZLM9910667,Invalid Amount
ZLM9910667,Invalid Amount
ZLM9910670,Invalid Amount
ZLM9910670,Invalid Amount
ZLM9910672,Invalid Amount
ZLM9910672,Invalid Amount
ZLM9910674,Invalid Amount
ZLM9910674,Invalid Amount
ZLM9910675,Invalid Amount
ZLM9910675,Invalid Amount
ZLM9910675,Invalid Amount
ZLM9910675,Invalid Amount
ZLM9910675,Invalid Amount
ZLM9910676,Invalid Amount
ZLM9910676,Invalid Amount
ZLM9910676,Invalid Amount
ZLM9910676,Invalid Amount
ZLM9910676,Invalid Amount
ZLM9910681,Invalid Amount
ZLM9910681,Invalid Amount
ZLM9910681,Invalid Amount
ZLM9910681,Invalid Amount
ZLM9910681,Invalid Amount
ZLM9910682,Invalid Amount
ZLM9910682,Invalid Amount
ZLM9910682,Invalid Amount
ZLM9910682,Invalid Amount
ZLM9910682,Invalid Amount
ZLM9910682,Invalid Amount
ZLM9910682,Invalid Amount
ZLM9910683,Invalid Amount
ZLM9910683,Invalid Amount
ZLM9910684,Invalid Amount
ZLM9910685,Invalid Amount
ZLM9910685,Invalid Amount
ZLM9910686,Invalid Amount
ZLM9910686,Invalid Amount
ZLM9910686,Invalid Amount
ZLM9910686,Invalid Amount
ZLM9910686,Invalid Amount
ZLM9910686,Invalid Amount
ZLM9910687,Invalid Amount
ZLM9910687,Invalid Amount
ZLM9910688,Invalid Amount
ZLM9910691,Invalid Amount
ZLM9910691,Invalid Amount
ZLM9910692,Invalid Amount
ZLM9910692,Invalid Amount
ZLM9910692,Invalid Amount
ZLM9910692,Invalid Amount
ZLM9910692,Invalid Amount
ZLM9910692,Invalid Amount
ZLM9910694,Invalid Amount
ZLM9910694,Invalid Amount
ZLM9910702,Invalid Amount
ZLM9910705,Invalid Amount
ZLM9910705,Invalid Amount
ZLM9910705,Invalid Amount
ZLM9910705,Invalid Amount
ZLM9910705,Invalid Amount
ZLM9910705,Invalid Amount
ZLM9910705,Invalid Amount
ZLM9910705,Invalid Amount
ZLM9910706,Invalid Amount
ZLM9910707,Invalid Amount
ZLM9910709,Invalid Amount
ZLM9910709,Invalid Amount
ZLM9910709,Invalid Amount
ZLM9910711,Invalid Amount
ZLM9910713,Invalid Amount
ZLM9910714,Invalid Amount
ZLM9910714,Invalid Amount
ZLM9910718,Invalid Amount
ZLM9910721,Invalid Amount
ZLM9910721,Invalid Amount
ZLM9910722,Invalid Amount
ZLM9910722,Invalid Amount
ZLM9910724,Invalid Amount
ZLM9910724,Invalid Amount
ZLM9910725,Invalid Amount
ZLM9910725,Invalid Amount
ZLM9910726,Invalid Amount
ZLM9910728,Invalid Amount
ZLM9910728,Invalid Amount
ZLM9910729,Invalid Amount
ZLM9910729,Invalid Amount
ZLM9910730,Invalid Amount
ZLM9910735,Invalid Amount
ZLM9910735,Invalid Amount
ZLM9910736,Invalid Amount
ZLM9910736,Invalid Amount
ZLM9910737,Invalid Amount
ZLM9910737,Invalid Amount
ZLM9910740,Invalid Amount
ZLM9910740,Invalid Amount
ZLM9910740,Invalid Amount
ZLM9910740,Invalid Amount
ZLM9910740,Invalid Amount
ZLM9910740,Invalid Amount
ZLM9910740,Invalid Amount
ZLM9910744,Invalid Amount
ZLM9910744,Invalid Amount
ZLM9910744,Invalid Amount
ZLM9910744,Invalid Amount
ZLM9910744,Invalid Amount
ZLM9910744,Invalid Amount
ZLM9910744,Invalid Amount
ZLM9910744,Invalid Amount
ZLM9910746,Invalid Amount
ZLM9910746,Invalid Amount
ZLM9910747,Invalid Amount
ZLM9910747,Invalid Amount
ZLM9910748,Invalid Amount
ZLM9910748,Invalid Amount
ZLM9910752,Invalid Amount
ZLM9910752,Invalid Amount
ZLM9910753,Invalid Amount
ZLM9910753,Invalid Amount
ZLM9910753,Invalid Amount
ZLM9910753,Invalid Amount
ZLM9910754,Invalid Amount
ZLM9910755,Invalid Amount
ZLM9910755,Invalid Amount
ZLM9910755,Invalid Amount
ZLM9910755,Invalid Amount
ZLM9910757,Invalid Amount
ZLM9910757,Invalid Amount
ZLM9910760,Invalid Amount
ZLM9910760,Invalid Amount
ZLM9910760,Invalid Amount
ZLM9910761,Invalid Amount
ZLM9910761,Invalid Amount
ZLM9910763,Invalid Amount
ZLM9910763,Invalid Amount
ZLM9910767,Invalid Amount
ZLM9910767,Invalid Amount
ZLM9910768,Invalid Amount
ZLM9910768,Invalid Amount
ZLM9910768,Invalid Amount
ZLM9910768,Invalid Amount
ZLM9910768,Invalid Amount
ZLM9910770,Invalid Amount
ZLM9910770,Invalid Amount
ZLM9910771,Invalid Amount
ZLM9910771,Invalid Amount
ZLM9910774,Invalid Amount
ZLM9910777,Invalid Amount
ZLM9910777,Invalid Amount
ZLM9910779,Invalid Amount
ZLM9910779,Invalid Amount
ZLM9910780,Invalid Amount
ZLM9910780,Invalid Amount
ZLM9910782,Invalid Amount
ZLM9910785,Invalid Amount
ZLM9910785,Invalid Amount
ZLM9910786,Invalid Amount
ZLM9910786,Invalid Amount
ZLM9910789,Invalid Amount
ZLM9910789,Invalid Amount
ZLM9910790,Invalid Amount
ZLM9910790,Invalid Amount
ZLM9910790,Invalid Amount
ZLM9910790,Invalid Amount
ZLM9910790,Invalid Amount
ZLM9910792,Invalid Amount
ZLM9910792,Invalid Amount
ZLM9910794,Invalid Amount
ZLM9910794,Invalid Amount
ZLM9910804,Invalid Amount
ZLM9910804,Invalid Amount
ZLM9910804,Invalid Amount
ZLM9910804,Invalid Amount
ZLM9910814,Invalid Amount
ZLM9910814,Invalid Amount
ZLM9910815,Invalid Amount
ZLM9910815,Invalid Amount
ZLM9910824,Invalid Amount
ZLM9910824,Invalid Amount
ZLM9910825,Invalid Amount
ZLM9910825,Invalid Amount
ZLM9910829,Invalid Amount
ZLM9910830,Invalid Amount
ZLM9910831,Invalid Amount
ZLM9910831,Invalid Amount
ZLM9910834,Invalid Amount
ZLM9910834,Invalid Amount
ZLM9910837,Invalid Amount
ZLM9910837,Invalid Amount
ZLM9910839,Invalid Amount
ZLM9910839,Invalid Amount
ZLM9910849,Invalid Amount
ZLM9910849,Invalid Amount
ZLM9910851,Invalid Amount
ZLM9910853,Invalid Amount
ZLM9910855,Invalid Amount
ZLM9910855,Invalid Amount
ZLM9910857,Invalid Amount
ZLM9910860,Invalid Amount
ZLM9910860,Invalid Amount
ZLM9910863,Invalid Amount
ZLM9910863,Invalid Amount
ZLM9910868,Invalid Amount
ZLM9910868,Invalid Amount
ZLM9910877,Invalid Amount
ZLM9910877,Invalid Amount
ZLM9910878,Invalid Amount
ZLM9910878,Invalid Amount
ZLM9910882,Invalid Amount
ZLM9910882,Invalid Amount
ZLM9910889,Invalid Amount
ZLM9910889,Invalid Amount
ZLM9910909,Invalid Amount
ZLM9910909,Invalid Amount
ZLM9920001,Invalid Amount
ZLM9920001,Invalid Amount
ZLM9920001,Invalid Amount
ZLM9920001,Invalid Amount
ZLM9920001,Invalid Amount
ZLM9920001,Invalid Amount
ZLM9920001,Invalid Amount
ZLM9920004,Invalid Amount
ZLM9920004,Invalid Amount
ZLM9920005,Invalid Amount
ZLM9920005,Invalid Amount
ZLM9920005,Invalid Amount
ZLM9920005,Invalid Amount
ZLM9920005,Invalid Amount
ZLM9920005,Invalid Amount
ZLM9920005,Invalid Amount
ZLM9920005,Invalid Amount
ZLM9920006,Invalid Amount
ZLM9920006,Invalid Amount
ZLM9920008,Invalid Amount
ZLM9920008,Invalid Amount
ZLM9920008,Invalid Amount
ZLM9920008,Invalid Amount
ZLM9920008,Invalid Amount
ZLM9920008,Invalid Amount
ZLM9920008,Invalid Amount
ZLM9920009,Invalid Amount
ZLM9920009,Invalid Amount
ZLM9920010,Invalid Amount
ZLM9920010,Invalid Amount
ZLM9920012,Invalid Amount
ZLM9920012,Invalid Amount
ZLM9920013,Invalid Amount
ZLM9920013,Invalid Amount
ZLM9920014,Invalid Amount
ZLM9920014,Invalid Amount
ZLM9920015,Invalid Amount
ZLM9920015,Invalid Amount
ZLM9920017,Invalid Amount
ZLM9920017,Invalid Amount
ZLM9920018,Invalid Amount
ZLM9920018,Invalid Amount
ZLM9920019,Invalid Amount
ZLM9920019,Invalid Amount
ZLM9920019,Invalid Amount
ZLM9920019,Invalid Amount
ZLM9920019,Invalid Amount
ZLM9920019,Invalid Amount
ZLM9920021,Invalid Amount
ZLM9920021,Invalid Amount
ZLM9920021,Invalid Amount
ZLM9920021,Invalid Amount
ZLM9920021,Invalid Amount
ZLM9920021,Invalid Amount
ZLM9920021,Invalid Amount
ZLM9920021,Invalid Amount
ZLM9920021,Invalid Amount
ZLM9920021,Invalid Amount
ZLM9920022,Invalid Amount
ZLM9920022,Invalid Amount
ZLM9920022,Invalid Amount
ZLM9920023,Invalid Amount
ZLM9920023,Invalid Amount
ZLM9920024,Invalid Amount
ZLM9920024,Invalid Amount
ZLM9920024,Invalid Amount
ZLM9920024,Invalid Amount
ZLM9920024,Invalid Amount
ZLM9920024,Invalid Amount
ZLM9920026,Invalid Amount
ZLM9920026,Invalid Amount
ZLM9920026,Invalid Amount
ZLM9920026,Invalid Amount
ZLM9920026,Invalid Amount
ZLM9920026,Invalid Amount
ZLM9920026,Invalid Amount
ZLM9920026,Invalid Amount
ZLM9920026,Invalid Amount
ZLM9920027,Invalid Amount
ZLM9920027,Invalid Amount
ZLM9920027,Invalid Amount
ZLM9920027,Invalid Amount
ZLM9920027,Invalid Amount
ZLM9920027,Invalid Amount
ZLM9920027,Invalid Amount
ZLM9920027,Invalid Amount
ZLM9920028,Invalid Amount
ZLM9920028,Invalid Amount
ZLM9920028,Invalid Amount
ZLM9920028,Invalid Amount
ZLM9920028,Invalid Amount
ZLM9920028,Invalid Amount
ZLM9920028,Invalid Amount
ZLM9920028,Invalid Amount
ZLM9920030,Invalid Amount
ZLM9920030,Invalid Amount
ZLM9920031,Invalid Amount
ZLM9920031,Invalid Amount
ZLM9920031,Invalid Amount
ZLM9920031,Invalid Amount
ZLM9920032,Invalid Amount
ZLM9920032,Invalid Amount
ZLM9920033,Invalid Amount
ZLM9920033,Invalid Amount
ZLM9920034,Invalid Amount
ZLM9920034,Invalid Amount
ZLM9920036,Invalid Amount
ZLM9920036,Invalid Amount
ZLM9920037,Invalid Amount
ZLM9920037,Invalid Amount
ZLM9920037,Invalid Amount
ZLM9920037,Invalid Amount
ZLM9920037,Invalid Amount
ZLM9920038,Invalid Amount
ZLM9920038,Invalid Amount
ZLM9920039,Invalid Amount
ZLM9920039,Invalid Amount
ZLM9920039,Invalid Amount
ZLM9920039,Invalid Amount
ZLM9920040,Invalid Amount
ZLM9920040,Invalid Amount
ZLM9920041,Invalid Amount
ZLM9920041,Invalid Amount
ZLM9920042,Invalid Amount
ZLM9920042,Invalid Amount
ZLM9920042,Invalid Amount
ZLM9920042,Invalid Amount
ZLM9920042,Invalid Amount
ZLM9920043,Invalid Amount
ZLM9920043,Invalid Amount
ZLM9920043,Invalid Amount
ZLM9920043,Invalid Amount
ZLM9920043,Invalid Amount
ZLM9920043,Invalid Amount
ZLM9920043,Invalid Amount
ZLM9920043,Invalid Amount
ZLM9920043,Invalid Amount
ZLM9920043,Invalid Amount
ZLM9920043,Invalid Amount
ZLM9920043,Invalid Amount
ZLM9920044,Invalid Amount
ZLM9920044,Invalid Amount
ZLM9920044,Invalid Amount
ZLM9920044,Invalid Amount
ZLM9920044,Invalid Amount
ZLM9920044,Invalid Amount
ZLM9920044,Invalid Amount
ZLM9920045,Invalid Amount
ZLM9920045,Invalid Amount
ZLM9920046,Invalid Amount
ZLM9920046,Invalid Amount
ZLM9920047,Invalid Amount
ZLM9920047,Invalid Amount
ZLM9920048,Invalid Amount
ZLM9920048,Invalid Amount
ZLM9920048,Invalid Amount
ZLM9920049,Invalid Amount
ZLM9920049,Invalid Amount
ZLM9920050,Invalid Amount
ZLM9920050,Invalid Amount
ZLM9920051,Invalid Amount
ZLM9920051,Invalid Amount
ZLM9920052,Invalid Amount
ZLM9920052,Invalid Amount
ZLM9920052,Invalid Amount
ZLM9920052,Invalid Amount
ZLM9920053,Invalid Amount
ZLM9920053,Invalid Amount
ZLM9920054,Invalid Amount
ZLM9920054,Invalid Amount
ZLM9920055,Invalid Amount
ZLM9920055,Invalid Amount
ZLM9920056,Invalid Amount
ZLM9920056,Invalid Amount
ZLM9920057,Invalid Amount
ZLM9920057,Invalid Amount
ZLM9920058,Invalid Amount
ZLM9920058,Invalid Amount
ZLM9920059,Invalid Amount
ZLM9920059,Invalid Amount
ZLM9920060,Invalid Amount
ZLM9920060,Invalid Amount
ZLM9920060,Invalid Amount
ZLM9920060,Invalid Amount
ZLM9920060,Invalid Amount
ZLM9920060,Invalid Amount
ZLM9920060,Invalid Amount
ZLM9920060,Invalid Amount
ZLM9920060,Invalid Amount
ZLM9920061,Invalid Amount
ZLM9920061,Invalid Amount
ZLM9920061,Invalid Amount
ZLM9920061,Invalid Amount
ZLM9920061,Invalid Amount
ZLM9920061,Invalid Amount
ZLM9920061,Invalid Amount
ZLM9920061,Invalid Amount
ZLM9920062,Invalid Amount
ZLM9920062,Invalid Amount
ZLM9920063,Invalid Amount
ZLM9920065,Invalid Amount
ZLM9920065,Invalid Amount
ZLM9920066,Invalid Amount
ZLM9920066,Invalid Amount
ZLM9920066,Invalid Amount
ZLM9920066,Invalid Amount
ZLM9920066,Invalid Amount
ZLM9920066,Invalid Amount
ZLM9920067,Invalid Amount
ZLM9920067,Invalid Amount
ZLM9920068,Invalid Amount
ZLM9920068,Invalid Amount
ZLM9920069,Invalid Amount
ZLM9920069,Invalid Amount
ZLM9920071,Invalid Amount
ZLM9920071,Invalid Amount
ZLM9920071,Invalid Amount
ZLM9920071,Invalid Amount
ZLM9920071,Invalid Amount
ZLM9920071,Invalid Amount
ZLM9920071,Invalid Amount
ZLM9920071,Invalid Amount
ZLM9920071,Invalid Amount
ZLM9920072,Invalid Amount
ZLM9920072,Invalid Amount
ZLM9920072,Invalid Amount
ZLM9920072,Invalid Amount
ZLM9920072,Invalid Amount
ZLM9920072,Invalid Amount
ZLM9920073,Invalid Amount
ZLM9920073,Invalid Amount
ZLM9920074,Invalid Amount
ZLM9920074,Invalid Amount
ZLM9920075,Invalid Amount
ZLM9920075,Invalid Amount
ZLM9920076,Invalid Amount
ZLM9920076,Invalid Amount
ZLM9920076,Invalid Amount
ZLM9920076,Invalid Amount
ZLM9920076,Invalid Amount
ZLM9920076,Invalid Amount
ZLM9920076,Invalid Amount
ZLM9920077,Invalid Amount
ZLM9920077,Invalid Amount
ZLM9920077,Invalid Amount
ZLM9920078,Invalid Amount
ZLM9920078,Invalid Amount
ZLM9920078,Invalid Amount
ZLM9920078,Invalid Amount
ZLM9920078,Invalid Amount
ZLM9920078,Invalid Amount
ZLM9920078,Invalid Amount
ZLM9920079,Invalid Amount
ZLM9920079,Invalid Amount
ZLM9920079,Invalid Amount
ZLM9920080,Invalid Amount
ZLM9920080,Invalid Amount
ZLM9920080,Invalid Amount
ZLM9920080,Invalid Amount
ZLM9920080,Invalid Amount
ZLM9920080,Invalid Amount
ZLM9920080,Invalid Amount
ZLM9920081,Invalid Amount
ZLM9920081,Invalid Amount
ZLM9920082,Invalid Amount
ZLM9920082,Invalid Amount
ZLM9920082,Invalid Amount
ZLM9920082,Invalid Amount
ZLM9920082,Invalid Amount
ZLM9920082,Invalid Amount
ZLM9920082,Invalid Amount
ZLM9920082,Invalid Amount
ZLM9920085,Invalid Amount
ZLM9920085,Invalid Amount
ZLM9920086,Invalid Amount
ZLM9920086,Invalid Amount
ZLM9920087,Invalid Amount
ZLM9920087,Invalid Amount
ZLM9920088,Invalid Amount
ZLM9920088,Invalid Amount
ZLM9920089,Invalid Amount
ZLM9920089,Invalid Amount
ZLM9920090,Invalid Amount
ZLM9920090,Invalid Amount
ZLM9920090,Invalid Amount
ZLM9920090,Invalid Amount
ZLM9920090,Invalid Amount
ZLM9920091,Invalid Amount
ZLM9920091,Invalid Amount
ZLM9920091,Invalid Amount
ZLM9920091,Invalid Amount
ZLM9920091,Invalid Amount
ZLM9920092,Invalid Amount
ZLM9920092,Invalid Amount
ZLM9920095,Invalid Amount
ZLM9920095,Invalid Amount
ZLM9920095,Invalid Amount
ZLM9920095,Invalid Amount
ZLM9920095,Invalid Amount
ZLM9920096,Invalid Amount
ZLM9920096,Invalid Amount
ZLM9920096,Invalid Amount
ZLM9920096,Invalid Amount
ZLM9920096,Invalid Amount
ZLM9920096,Invalid Amount
ZLM9920096,Invalid Amount
ZLM9920097,Invalid Amount
ZLM9920097,Invalid Amount
ZLM9920097,Invalid Amount
ZLM9920097,Invalid Amount
ZLM9920097,Invalid Amount
ZLM9920098,Invalid Amount
ZLM9920098,Invalid Amount
ZLM9920099,Invalid Amount
ZLM9920099,Invalid Amount
ZLM9920100,Invalid Amount
ZLM9920100,Invalid Amount
ZLM9920101,Invalid Amount
ZLM9920101,Invalid Amount
ZLM9920102,Invalid Amount
ZLM9920102,Invalid Amount
ZLM9920102,Invalid Amount
ZLM9920102,Invalid Amount
ZLM9920102,Invalid Amount
ZLM9920102,Invalid Amount
ZLM9920102,Invalid Amount
ZLM9920102,Invalid Amount
ZLM9920102,Invalid Amount
ZLM9920103,Invalid Amount
ZLM9920103,Invalid Amount
ZLM9920103,Invalid Amount
ZLM9920103,Invalid Amount
ZLM9920103,Invalid Amount
ZLM9920103,Invalid Amount
ZLM9920103,Invalid Amount
ZLM9920103,Invalid Amount
ZLM9920104,Invalid Amount
ZLM9920104,Invalid Amount
ZLM9920105,Invalid Amount
ZLM9920105,Invalid Amount
ZLM9920108,Invalid Amount
ZLM9920108,Invalid Amount
ZLM9920109,Invalid Amount
ZLM9920109,Invalid Amount
ZLM9920113,Invalid Amount
ZLM9920113,Invalid Amount
ZLM9920113,Invalid Amount
ZLM9920113,Invalid Amount
ZLM9920113,Invalid Amount
ZLM9920114,Invalid Amount
ZLM9920114,Invalid Amount
ZLM9920114,Invalid Amount
ZLM9920115,Invalid Amount
ZLM9920115,Invalid Amount
ZLM9920115,Invalid Amount
ZLM9920115,Invalid Amount
ZLM9920115,Invalid Amount
ZLM9920116,Invalid Amount
ZLM9920116,Invalid Amount
ZLM9920116,Invalid Amount
ZLM9920116,Invalid Amount
ZLM9920116,Invalid Amount
ZLM9920117,Invalid Amount
ZLM9920117,Invalid Amount
ZLM9920118,Invalid Amount
ZLM9920118,Invalid Amount
ZLM9920118,Invalid Amount
ZLM9920118,Invalid Amount
ZLM9920118,Invalid Amount
ZLM9920118,Invalid Amount
ZLM9920118,Invalid Amount
ZLM9920120,Invalid Amount
ZLM9920121,Invalid Amount
ZLM9920121,Invalid Amount
ZLM9920122,Invalid Amount
ZLM9920122,Invalid Amount
ZLM9920122,Invalid Amount
ZLM9920122,Invalid Amount
ZLM9920122,Invalid Amount
ZLM9920122,Invalid Amount
ZLM9920123,Invalid Amount
ZLM9920123,Invalid Amount
ZLM9920124,Invalid Amount
ZLM9920124,Invalid Amount
ZLM9920124,Invalid Amount
ZLM9920124,Invalid Amount
ZLM9920125,Invalid Amount
ZLM9920125,Invalid Amount
ZLM9920126,Invalid Amount
ZLM9920126,Invalid Amount
ZLM9920128,Invalid Amount
ZLM9920128,Invalid Amount
ZLM9920129,Invalid Amount
ZLM9920129,Invalid Amount
ZLM9920129,Invalid Amount
ZLM9920129,Invalid Amount
ZLM9920130,Invalid Amount
ZLM9920130,Invalid Amount
ZLM9920131,Invalid Amount
ZLM9920131,Invalid Amount
ZLM9920132,Invalid Amount
ZLM9920132,Invalid Amount
ZLM9920132,Invalid Amount
ZLM9920133,Invalid Amount
ZLM9920134,Invalid Amount
ZLM9920134,Invalid Amount
ZLM9920135,Invalid Amount
ZLM9920135,Invalid Amount
ZLM9920139,Invalid Amount
ZLM9920139,Invalid Amount
ZLM9920141,Invalid Amount
ZLM9920141,Invalid Amount
ZLM9920146,Invalid Amount
ZLM9920146,Invalid Amount
ZLM9920147,Invalid Amount
ZLM9920147,Invalid Amount
ZLM9920148,Invalid Amount
ZLM9920148,Invalid Amount
ZLM9920150,Invalid Amount
ZLM9920150,Invalid Amount
ZLM9920151,Invalid Amount
ZLM9920151,Invalid Amount
ZLM9920154,Invalid Amount
ZLM9920155,Invalid Amount
ZLM9920156,Invalid Amount
ZLM9920157,Invalid Amount
ZLM9920158,Invalid Amount
ZLM9920159,Invalid Amount
ZLM9920159,Invalid Amount
ZLM9920161,Invalid Amount
ZLM9920161,Invalid Amount
ZLM9920161,Invalid Amount
ZLM9920161,Invalid Amount
ZLM9920161,Invalid Amount
ZLM9920161,Invalid Amount
ZLM9920161,Invalid Amount
ZLM9920162,Invalid Amount
ZLM9920162,Invalid Amount
ZLM9920164,Invalid Amount
ZLM9920164,Invalid Amount
ZLM9920165,Invalid Amount
ZLM9920165,Invalid Amount
ZLM9920167,Invalid Amount
ZLM9920167,Invalid Amount
ZLM9920173,Invalid Amount
ZLM9920173,Invalid Amount
ZLM9920176,Invalid Amount
ZLM9920179,Invalid Amount
ZLM9920181,Invalid Amount
ZLM9920181,Invalid Amount
ZLM9920183,Invalid Amount
ZLM9920183,Invalid Amount
ZLM9920185,Invalid Amount
ZLM9920185,Invalid Amount
ZLM9920188,Invalid Amount
ZLM9920188,Invalid Amount
ZLM9920188,Invalid Amount
ZLM9920188,Invalid Amount
ZLM9920188,Invalid Amount
ZLM9920193,Invalid Amount
ZLM9920197,Invalid Amount
ZLM9920201,Invalid Amount
ZLM9920201,Invalid Amount
ZLM9920211,Invalid Amount
ZLM9920211,Invalid Amount
ZLM9920216,Invalid Amount
ZLM9920216,Invalid Amount
ZLM9920216,Invalid Amount
ZLM9920216,Invalid Amount
ZLM9920228,Invalid Amount
ZLM9920228,Invalid Amount
